dimensions.GEO,dimensions.EC_MEASURE,dimensions.FREQ,nb_naissances_annee,attributes.OBS_STATUS_FR,nb_naissances,code_dep_naissances
2024-DEP-01,LVB,A,2021,D,7022.0,01
2024-DEP-01,LVB,A,2020,D,6806.0,01
2024-DEP-01,LVB,A,2015,D,6996.0,01
2024-DEP-01,LVB,A,2019,D,6907.0,01
2024-DEP-01,LVB,A,2022,D,6881.0,01
2024-DEP-01,LVB,A,2018,D,7101.0,01
2024-DEP-01,LVB,A,2017,D,6949.0,01
2024-DEP-01,LVB,A,2023,D,6328.0,01
2024-DEP-01,LVB,A,2024,PROV,6216.0,01
2024-DEP-01,LVB,A,2016,D,7099.0,01
2024-DEP-02,LVB,A,2018,D,5571.0,02
2024-DEP-02,LVB,A,2021,D,5348.0,02
2024-DEP-02,LVB,A,2024,PROV,4696.0,02
2024-DEP-02,LVB,A,2019,D,5394.0,02
2024-DEP-02,LVB,A,2023,D,5082.0,02
2024-DEP-02,LVB,A,2015,D,6269.0,02
2024-DEP-02,LVB,A,2020,D,5338.0,02
2024-DEP-02,LVB,A,2022,D,5354.0,02
2024-DEP-02,LVB,A,2017,D,5890.0,02
2024-DEP-02,LVB,A,2016,D,5825.0,02
2024-DEP-03,LVB,A,2015,D,2992.0,03
2024-DEP-03,LVB,A,2017,D,2877.0,03
2024-DEP-03,LVB,A,2021,D,2772.0,03
2024-DEP-03,LVB,A,2024,PROV,2498.0,03
2024-DEP-03,LVB,A,2023,D,2489.0,03
2024-DEP-03,LVB,A,2018,D,2742.0,03
2024-DEP-03,LVB,A,2019,D,2777.0,03
2024-DEP-03,LVB,A,2020,D,2594.0,03
2024-DEP-03,LVB,A,2016,D,3008.0,03
2024-DEP-03,LVB,A,2022,D,2618.0,03
2024-DEP-04,LVB,A,2017,D,1447.0,04
2024-DEP-04,LVB,A,2018,D,1395.0,04
2024-DEP-04,LVB,A,2019,D,1369.0,04
2024-DEP-04,LVB,A,2020,D,1329.0,04
2024-DEP-04,LVB,A,2016,D,1499.0,04
2024-DEP-04,LVB,A,2023,D,1282.0,04
2024-DEP-04,LVB,A,2024,PROV,1276.0,04
2024-DEP-04,LVB,A,2021,D,1447.0,04
2024-DEP-04,LVB,A,2015,D,1501.0,04
2024-DEP-04,LVB,A,2022,D,1373.0,04
2024-DEP-05,LVB,A,2018,D,1235.0,05
2024-DEP-05,LVB,A,2024,PROV,1121.0,05
2024-DEP-05,LVB,A,2015,D,1347.0,05
2024-DEP-05,LVB,A,2021,D,1282.0,05
2024-DEP-05,LVB,A,2019,D,1221.0,05
2024-DEP-05,LVB,A,2023,D,1097.0,05
2024-DEP-05,LVB,A,2016,D,1298.0,05
2024-DEP-05,LVB,A,2022,D,1234.0,05
2024-DEP-05,LVB,A,2017,D,1215.0,05
2024-DEP-05,LVB,A,2020,D,1157.0,05
2024-DEP-06,LVB,A,2020,D,11216.0,06
2024-DEP-06,LVB,A,2023,D,10380.0,06
2024-DEP-06,LVB,A,2018,D,11631.0,06
2024-DEP-06,LVB,A,2016,D,11956.0,06
2024-DEP-06,LVB,A,2019,D,11580.0,06
2024-DEP-06,LVB,A,2024,PROV,9918.0,06
2024-DEP-06,LVB,A,2017,D,11888.0,06
2024-DEP-06,LVB,A,2021,D,11407.0,06
2024-DEP-06,LVB,A,2015,D,12068.0,06
2024-DEP-06,LVB,A,2022,D,11227.0,06
2024-DEP-07,LVB,A,2021,D,2890.0,07
2024-DEP-07,LVB,A,2024,PROV,2466.0,07
2024-DEP-07,LVB,A,2019,D,2982.0,07
2024-DEP-07,LVB,A,2020,D,2754.0,07
2024-DEP-07,LVB,A,2018,D,2891.0,07
2024-DEP-07,LVB,A,2015,D,3249.0,07
2024-DEP-07,LVB,A,2023,D,2551.0,07
2024-DEP-07,LVB,A,2022,D,2773.0,07
2024-DEP-07,LVB,A,2017,D,2995.0,07
2024-DEP-07,LVB,A,2016,D,2875.0,07
2024-DEP-08,LVB,A,2016,D,2747.0,08
2024-DEP-08,LVB,A,2022,D,2394.0,08
2024-DEP-08,LVB,A,2023,D,2175.0,08
2024-DEP-08,LVB,A,2020,D,2458.0,08
2024-DEP-08,LVB,A,2019,D,2566.0,08
2024-DEP-08,LVB,A,2024,PROV,2161.0,08
2024-DEP-08,LVB,A,2018,D,2464.0,08
2024-DEP-08,LVB,A,2015,D,2799.0,08
2024-DEP-08,LVB,A,2017,D,2521.0,08
2024-DEP-08,LVB,A,2021,D,2416.0,08
2024-DEP-09,LVB,A,2020,D,1196.0,09
2024-DEP-09,LVB,A,2024,PROV,1024.0,09
2024-DEP-09,LVB,A,2023,D,1092.0,09
2024-DEP-09,LVB,A,2017,D,1257.0,09
2024-DEP-09,LVB,A,2015,D,1377.0,09
2024-DEP-09,LVB,A,2016,D,1317.0,09
2024-DEP-09,LVB,A,2021,D,1205.0,09
2024-DEP-09,LVB,A,2018,D,1234.0,09
2024-DEP-09,LVB,A,2022,D,1201.0,09
2024-DEP-09,LVB,A,2019,D,1205.0,09
2024-DEP-10,LVB,A,2019,D,3107.0,10
2024-DEP-10,LVB,A,2015,D,3454.0,10
2024-DEP-10,LVB,A,2022,D,3049.0,10
2024-DEP-10,LVB,A,2016,D,3341.0,10
2024-DEP-10,LVB,A,2020,D,3088.0,10
2024-DEP-10,LVB,A,2017,D,3129.0,10
2024-DEP-10,LVB,A,2023,D,2853.0,10
2024-DEP-10,LVB,A,2021,D,3005.0,10
2024-DEP-10,LVB,A,2018,D,3154.0,10
2024-DEP-10,LVB,A,2024,PROV,2594.0,10
2024-DEP-11,LVB,A,2024,PROV,2791.0,11
2024-DEP-11,LVB,A,2017,D,3313.0,11
2024-DEP-11,LVB,A,2022,D,3187.0,11
2024-DEP-11,LVB,A,2016,D,3385.0,11
2024-DEP-11,LVB,A,2021,D,3246.0,11
2024-DEP-11,LVB,A,2020,D,3237.0,11
2024-DEP-11,LVB,A,2023,D,3033.0,11
2024-DEP-11,LVB,A,2019,D,3205.0,11
2024-DEP-11,LVB,A,2015,D,3531.0,11
2024-DEP-11,LVB,A,2018,D,3228.0,11
2024-DEP-12,LVB,A,2024,PROV,1868.0,12
2024-DEP-12,LVB,A,2015,D,2361.0,12
2024-DEP-12,LVB,A,2020,D,2178.0,12
2024-DEP-12,LVB,A,2022,D,2109.0,12
2024-DEP-12,LVB,A,2021,D,2272.0,12
2024-DEP-12,LVB,A,2017,D,2316.0,12
2024-DEP-12,LVB,A,2023,D,1926.0,12
2024-DEP-12,LVB,A,2016,D,2390.0,12
2024-DEP-12,LVB,A,2019,D,2175.0,12
2024-DEP-12,LVB,A,2018,D,2247.0,12
2024-DEP-13,LVB,A,2022,D,24420.0,13
2024-DEP-13,LVB,A,2015,D,26249.0,13
2024-DEP-13,LVB,A,2019,D,25288.0,13
2024-DEP-13,LVB,A,2017,D,25790.0,13
2024-DEP-13,LVB,A,2021,D,24766.0,13
2024-DEP-13,LVB,A,2018,D,25586.0,13
2024-DEP-13,LVB,A,2016,D,25834.0,13
2024-DEP-13,LVB,A,2024,PROV,22485.0,13
2024-DEP-13,LVB,A,2020,D,24670.0,13
2024-DEP-13,LVB,A,2023,D,22876.0,13
2024-DEP-14,LVB,A,2021,D,6760.0,14
2024-DEP-14,LVB,A,2017,D,6680.0,14
2024-DEP-14,LVB,A,2023,D,6097.0,14
2024-DEP-14,LVB,A,2018,D,6680.0,14
2024-DEP-14,LVB,A,2016,D,6927.0,14
2024-DEP-14,LVB,A,2020,D,6552.0,14
2024-DEP-14,LVB,A,2024,PROV,5792.0,14
2024-DEP-14,LVB,A,2015,D,7199.0,14
2024-DEP-14,LVB,A,2022,D,6378.0,14
2024-DEP-14,LVB,A,2019,D,6621.0,14
2024-DEP-15,LVB,A,2021,D,1039.0,15
2024-DEP-15,LVB,A,2022,D,1033.0,15
2024-DEP-15,LVB,A,2019,D,1016.0,15
2024-DEP-15,LVB,A,2020,D,1029.0,15
2024-DEP-15,LVB,A,2016,D,1068.0,15
2024-DEP-15,LVB,A,2018,D,1110.0,15
2024-DEP-15,LVB,A,2017,D,1067.0,15
2024-DEP-15,LVB,A,2023,D,916.0,15
2024-DEP-15,LVB,A,2015,D,1128.0,15
2024-DEP-15,LVB,A,2024,PROV,928.0,15
2024-DEP-16,LVB,A,2021,D,2984.0,16
2024-DEP-16,LVB,A,2023,D,2833.0,16
2024-DEP-16,LVB,A,2015,D,3272.0,16
2024-DEP-16,LVB,A,2024,PROV,2662.0,16
2024-DEP-16,LVB,A,2016,D,3183.0,16
2024-DEP-16,LVB,A,2018,D,2955.0,16
2024-DEP-16,LVB,A,2022,D,3016.0,16
2024-DEP-16,LVB,A,2019,D,2987.0,16
2024-DEP-16,LVB,A,2017,D,3034.0,16
2024-DEP-16,LVB,A,2020,D,2931.0,16
2024-DEP-17,LVB,A,2023,D,4628.0,17
2024-DEP-17,LVB,A,2015,D,5425.0,17
2024-DEP-17,LVB,A,2016,D,5474.0,17
2024-DEP-17,LVB,A,2018,D,5061.0,17
2024-DEP-17,LVB,A,2022,D,5086.0,17
2024-DEP-17,LVB,A,2017,D,5151.0,17
2024-DEP-17,LVB,A,2020,D,4941.0,17
2024-DEP-17,LVB,A,2024,PROV,4617.0,17
2024-DEP-17,LVB,A,2021,D,5207.0,17
2024-DEP-17,LVB,A,2019,D,5149.0,17
2024-DEP-18,LVB,A,2020,D,2601.0,18
2024-DEP-18,LVB,A,2015,D,2825.0,18
2024-DEP-18,LVB,A,2023,D,2348.0,18
2024-DEP-18,LVB,A,2024,PROV,2378.0,18
2024-DEP-18,LVB,A,2017,D,2788.0,18
2024-DEP-18,LVB,A,2019,D,2771.0,18
2024-DEP-18,LVB,A,2018,D,2662.0,18
2024-DEP-18,LVB,A,2021,D,2665.0,18
2024-DEP-18,LVB,A,2016,D,2875.0,18
2024-DEP-18,LVB,A,2022,D,2669.0,18
2024-DEP-19,LVB,A,2023,D,1690.0,19
2024-DEP-19,LVB,A,2024,PROV,1614.0,19
2024-DEP-19,LVB,A,2021,D,1863.0,19
2024-DEP-19,LVB,A,2020,D,1864.0,19
2024-DEP-19,LVB,A,2019,D,1831.0,19
2024-DEP-19,LVB,A,2018,D,1907.0,19
2024-DEP-19,LVB,A,2015,D,1946.0,19
2024-DEP-19,LVB,A,2016,D,1986.0,19
2024-DEP-19,LVB,A,2022,D,1880.0,19
2024-DEP-19,LVB,A,2017,D,1919.0,19
2024-DEP-2A,LVB,A,2015,D,1336.0,2A
2024-DEP-2A,LVB,A,2021,D,1307.0,2A
2024-DEP-2A,LVB,A,2023,D,1193.0,2A
2024-DEP-2A,LVB,A,2020,D,1286.0,2A
2024-DEP-2A,LVB,A,2022,D,1333.0,2A
2024-DEP-2A,LVB,A,2017,D,1328.0,2A
2024-DEP-2A,LVB,A,2016,D,1372.0,2A
2024-DEP-2A,LVB,A,2019,D,1348.0,2A
2024-DEP-2A,LVB,A,2024,PROV,1152.0,2A
2024-DEP-2A,LVB,A,2018,D,1374.0,2A
2024-DEP-2B,LVB,A,2019,D,1503.0,2B
2024-DEP-2B,LVB,A,2016,D,1541.0,2B
2024-DEP-2B,LVB,A,2023,D,1307.0,2B
2024-DEP-2B,LVB,A,2018,D,1480.0,2B
2024-DEP-2B,LVB,A,2020,D,1401.0,2B
2024-DEP-2B,LVB,A,2024,PROV,1325.0,2B
2024-DEP-2B,LVB,A,2021,D,1421.0,2B
2024-DEP-2B,LVB,A,2015,D,1530.0,2B
2024-DEP-2B,LVB,A,2022,D,1416.0,2B
2024-DEP-2B,LVB,A,2017,D,1590.0,2B
2024-DEP-21,LVB,A,2019,D,5062.0,21
2024-DEP-21,LVB,A,2016,D,5378.0,21
2024-DEP-21,LVB,A,2021,D,4977.0,21
2024-DEP-21,LVB,A,2023,D,4514.0,21
2024-DEP-21,LVB,A,2020,D,5165.0,21
2024-DEP-21,LVB,A,2022,D,4878.0,21
2024-DEP-21,LVB,A,2024,PROV,4333.0,21
2024-DEP-21,LVB,A,2018,D,5191.0,21
2024-DEP-21,LVB,A,2015,D,5484.0,21
2024-DEP-21,LVB,A,2017,D,5394.0,21
2024-DEP-22,LVB,A,2024,PROV,4601.0,22
2024-DEP-22,LVB,A,2016,D,5409.0,22
2024-DEP-22,LVB,A,2019,D,5132.0,22
2024-DEP-22,LVB,A,2020,D,5082.0,22
2024-DEP-22,LVB,A,2021,D,5398.0,22
2024-DEP-22,LVB,A,2018,D,5313.0,22
2024-DEP-22,LVB,A,2015,D,5606.0,22
2024-DEP-22,LVB,A,2017,D,5332.0,22
2024-DEP-22,LVB,A,2022,D,4991.0,22
2024-DEP-22,LVB,A,2023,D,4609.0,22
2024-DEP-23,LVB,A,2015,D,885.0,23
2024-DEP-23,LVB,A,2017,D,834.0,23
2024-DEP-23,LVB,A,2023,D,770.0,23
2024-DEP-23,LVB,A,2020,D,758.0,23
2024-DEP-23,LVB,A,2022,D,760.0,23
2024-DEP-23,LVB,A,2018,D,802.0,23
2024-DEP-23,LVB,A,2024,PROV,713.0,23
2024-DEP-23,LVB,A,2016,D,822.0,23
2024-DEP-23,LVB,A,2021,D,788.0,23
2024-DEP-23,LVB,A,2019,D,772.0,23
2024-DEP-24,LVB,A,2021,D,3073.0,24
2024-DEP-24,LVB,A,2022,D,3073.0,24
2024-DEP-24,LVB,A,2016,D,3228.0,24
2024-DEP-24,LVB,A,2023,D,2746.0,24
2024-DEP-24,LVB,A,2020,D,3012.0,24
2024-DEP-24,LVB,A,2018,D,2942.0,24
2024-DEP-24,LVB,A,2024,PROV,2669.0,24
2024-DEP-24,LVB,A,2019,D,2972.0,24
2024-DEP-24,LVB,A,2015,D,3255.0,24
2024-DEP-24,LVB,A,2017,D,3175.0,24
2024-DEP-25,LVB,A,2016,D,6344.0,25
2024-DEP-25,LVB,A,2020,D,5671.0,25
2024-DEP-25,LVB,A,2015,D,6521.0,25
2024-DEP-25,LVB,A,2022,D,5394.0,25
2024-DEP-25,LVB,A,2021,D,5589.0,25
2024-DEP-25,LVB,A,2019,D,5757.0,25
2024-DEP-25,LVB,A,2023,D,5116.0,25
2024-DEP-25,LVB,A,2017,D,6123.0,25
2024-DEP-25,LVB,A,2024,PROV,4976.0,25
2024-DEP-25,LVB,A,2018,D,5992.0,25
2024-DEP-26,LVB,A,2016,D,5548.0,26
2024-DEP-26,LVB,A,2015,D,5769.0,26
2024-DEP-26,LVB,A,2017,D,5571.0,26
2024-DEP-26,LVB,A,2023,D,4816.0,26
2024-DEP-26,LVB,A,2018,D,5411.0,26
2024-DEP-26,LVB,A,2022,D,5276.0,26
2024-DEP-26,LVB,A,2021,D,5308.0,26
2024-DEP-26,LVB,A,2020,D,5187.0,26
2024-DEP-26,LVB,A,2024,PROV,4721.0,26
2024-DEP-26,LVB,A,2019,D,5476.0,26
2024-DEP-27,LVB,A,2020,D,6181.0,27
2024-DEP-27,LVB,A,2015,D,6930.0,27
2024-DEP-27,LVB,A,2019,D,6175.0,27
2024-DEP-27,LVB,A,2021,D,6211.0,27
2024-DEP-27,LVB,A,2022,D,6237.0,27
2024-DEP-27,LVB,A,2024,PROV,5461.0,27
2024-DEP-27,LVB,A,2018,D,6434.0,27
2024-DEP-27,LVB,A,2017,D,6594.0,27
2024-DEP-27,LVB,A,2016,D,6974.0,27
2024-DEP-27,LVB,A,2023,D,5689.0,27
2024-DEP-28,LVB,A,2022,D,4602.0,28
2024-DEP-28,LVB,A,2018,D,4730.0,28
2024-DEP-28,LVB,A,2019,D,4583.0,28
2024-DEP-28,LVB,A,2023,D,4190.0,28
2024-DEP-28,LVB,A,2020,D,4439.0,28
2024-DEP-28,LVB,A,2016,D,5208.0,28
2024-DEP-28,LVB,A,2021,D,4498.0,28
2024-DEP-28,LVB,A,2017,D,4781.0,28
2024-DEP-28,LVB,A,2024,PROV,3991.0,28
2024-DEP-28,LVB,A,2015,D,5063.0,28
2024-DEP-29,LVB,A,2016,D,8419.0,29
2024-DEP-29,LVB,A,2015,D,8790.0,29
2024-DEP-29,LVB,A,2018,D,8095.0,29
2024-DEP-29,LVB,A,2022,D,7964.0,29
2024-DEP-29,LVB,A,2017,D,8370.0,29
2024-DEP-29,LVB,A,2023,D,7273.0,29
2024-DEP-29,LVB,A,2020,D,7885.0,29
2024-DEP-29,LVB,A,2024,PROV,7121.0,29
2024-DEP-29,LVB,A,2021,D,8154.0,29
2024-DEP-29,LVB,A,2019,D,7975.0,29
2024-DEP-30,LVB,A,2019,D,7484.0,30
2024-DEP-30,LVB,A,2016,D,8005.0,30
2024-DEP-30,LVB,A,2023,D,6709.0,30
2024-DEP-30,LVB,A,2017,D,7708.0,30
2024-DEP-30,LVB,A,2022,D,7422.0,30
2024-DEP-30,LVB,A,2021,D,7481.0,30
2024-DEP-30,LVB,A,2020,D,7377.0,30
2024-DEP-30,LVB,A,2015,D,8006.0,30
2024-DEP-30,LVB,A,2018,D,7585.0,30
2024-DEP-30,LVB,A,2024,PROV,6546.0,30
2024-DEP-31,LVB,A,2016,D,16049.0,31
2024-DEP-31,LVB,A,2017,D,16024.0,31
2024-DEP-31,LVB,A,2023,D,14331.0,31
2024-DEP-31,LVB,A,2022,D,15523.0,31
2024-DEP-31,LVB,A,2024,PROV,14450.0,31
2024-DEP-31,LVB,A,2021,D,15968.0,31
2024-DEP-31,LVB,A,2015,D,16363.0,31
2024-DEP-31,LVB,A,2020,D,15825.0,31
2024-DEP-31,LVB,A,2018,D,15966.0,31
2024-DEP-31,LVB,A,2019,D,15870.0,31
2024-DEP-32,LVB,A,2018,D,1434.0,32
2024-DEP-32,LVB,A,2022,D,1471.0,32
2024-DEP-32,LVB,A,2017,D,1383.0,32
2024-DEP-32,LVB,A,2019,D,1388.0,32
2024-DEP-32,LVB,A,2016,D,1497.0,32
2024-DEP-32,LVB,A,2020,D,1409.0,32
2024-DEP-32,LVB,A,2021,D,1515.0,32
2024-DEP-32,LVB,A,2023,D,1246.0,32
2024-DEP-32,LVB,A,2015,D,1576.0,32
2024-DEP-32,LVB,A,2024,PROV,1243.0,32
2024-DEP-33,LVB,A,2022,D,16997.0,33
2024-DEP-33,LVB,A,2023,D,15762.0,33
2024-DEP-33,LVB,A,2021,D,17494.0,33
2024-DEP-33,LVB,A,2020,D,16970.0,33
2024-DEP-33,LVB,A,2016,D,17052.0,33
2024-DEP-33,LVB,A,2019,D,16955.0,33
2024-DEP-33,LVB,A,2015,D,17103.0,33
2024-DEP-33,LVB,A,2017,D,17004.0,33
2024-DEP-33,LVB,A,2024,PROV,15389.0,33
2024-DEP-33,LVB,A,2018,D,17115.0,33
2024-DEP-34,LVB,A,2020,D,12411.0,34
2024-DEP-34,LVB,A,2023,D,11167.0,34
2024-DEP-34,LVB,A,2024,PROV,10734.0,34
2024-DEP-34,LVB,A,2015,D,12919.0,34
2024-DEP-34,LVB,A,2016,D,12761.0,34
2024-DEP-34,LVB,A,2018,D,12577.0,34
2024-DEP-34,LVB,A,2021,D,12580.0,34
2024-DEP-34,LVB,A,2019,D,12488.0,34
2024-DEP-34,LVB,A,2017,D,12507.0,34
2024-DEP-34,LVB,A,2022,D,12436.0,34
2024-DEP-35,LVB,A,2019,D,11639.0,35
2024-DEP-35,LVB,A,2018,D,11656.0,35
2024-DEP-35,LVB,A,2024,PROV,10702.0,35
2024-DEP-35,LVB,A,2016,D,11925.0,35
2024-DEP-35,LVB,A,2017,D,11680.0,35
2024-DEP-35,LVB,A,2023,D,10862.0,35
2024-DEP-35,LVB,A,2022,D,11349.0,35
2024-DEP-35,LVB,A,2021,D,11758.0,35
2024-DEP-35,LVB,A,2015,D,12018.0,35
2024-DEP-35,LVB,A,2020,D,11548.0,35
2024-DEP-36,LVB,A,2020,D,1727.0,36
2024-DEP-36,LVB,A,2017,D,1719.0,36
2024-DEP-36,LVB,A,2019,D,1773.0,36
2024-DEP-36,LVB,A,2018,D,1766.0,36
2024-DEP-36,LVB,A,2016,D,1760.0,36
2024-DEP-36,LVB,A,2023,D,1599.0,36
2024-DEP-36,LVB,A,2024,PROV,1533.0,36
2024-DEP-36,LVB,A,2022,D,1671.0,36
2024-DEP-36,LVB,A,2021,D,1816.0,36
2024-DEP-36,LVB,A,2015,D,1876.0,36
2024-DEP-37,LVB,A,2022,D,5848.0,37
2024-DEP-37,LVB,A,2016,D,6400.0,37
2024-DEP-37,LVB,A,2024,PROV,5423.0,37
2024-DEP-37,LVB,A,2019,D,5970.0,37
2024-DEP-37,LVB,A,2017,D,6206.0,37
2024-DEP-37,LVB,A,2020,D,6020.0,37
2024-DEP-37,LVB,A,2023,D,5619.0,37
2024-DEP-37,LVB,A,2021,D,6142.0,37
2024-DEP-37,LVB,A,2018,D,6104.0,37
2024-DEP-37,LVB,A,2015,D,6458.0,37
2024-DEP-38,LVB,A,2015,D,14981.0,38
2024-DEP-38,LVB,A,2021,D,13742.0,38
2024-DEP-38,LVB,A,2017,D,14634.0,38
2024-DEP-38,LVB,A,2018,D,14062.0,38
2024-DEP-38,LVB,A,2016,D,14943.0,38
2024-DEP-38,LVB,A,2023,D,12486.0,38
2024-DEP-38,LVB,A,2024,PROV,12464.0,38
2024-DEP-38,LVB,A,2020,D,13791.0,38
2024-DEP-38,LVB,A,2022,D,13514.0,38
2024-DEP-38,LVB,A,2019,D,13925.0,38
2024-DEP-39,LVB,A,2019,D,2364.0,39
2024-DEP-39,LVB,A,2024,PROV,1895.0,39
2024-DEP-39,LVB,A,2021,D,2232.0,39
2024-DEP-39,LVB,A,2017,D,2403.0,39
2024-DEP-39,LVB,A,2015,D,2528.0,39
2024-DEP-39,LVB,A,2022,D,2192.0,39
2024-DEP-39,LVB,A,2018,D,2294.0,39
2024-DEP-39,LVB,A,2016,D,2540.0,39
2024-DEP-39,LVB,A,2020,D,2244.0,39
2024-DEP-39,LVB,A,2023,D,2083.0,39
2024-DEP-40,LVB,A,2017,D,3390.0,40
2024-DEP-40,LVB,A,2022,D,3602.0,40
2024-DEP-40,LVB,A,2019,D,3483.0,40
2024-DEP-40,LVB,A,2016,D,3498.0,40
2024-DEP-40,LVB,A,2018,D,3356.0,40
2024-DEP-40,LVB,A,2015,D,3682.0,40
2024-DEP-40,LVB,A,2020,D,3405.0,40
2024-DEP-40,LVB,A,2023,D,3151.0,40
2024-DEP-40,LVB,A,2021,D,3494.0,40
2024-DEP-40,LVB,A,2024,PROV,3084.0,40
2024-DEP-41,LVB,A,2018,D,3016.0,41
2024-DEP-41,LVB,A,2017,D,3105.0,41
2024-DEP-41,LVB,A,2023,D,2786.0,41
2024-DEP-41,LVB,A,2021,D,2969.0,41
2024-DEP-41,LVB,A,2019,D,2936.0,41
2024-DEP-41,LVB,A,2020,D,2935.0,41
2024-DEP-41,LVB,A,2024,PROV,2671.0,41
2024-DEP-41,LVB,A,2015,D,3335.0,41
2024-DEP-41,LVB,A,2022,D,3006.0,41
2024-DEP-41,LVB,A,2016,D,3200.0,41
2024-DEP-42,LVB,A,2024,PROV,7308.0,42
2024-DEP-42,LVB,A,2023,D,7326.0,42
2024-DEP-42,LVB,A,2016,D,8575.0,42
2024-DEP-42,LVB,A,2019,D,8404.0,42
2024-DEP-42,LVB,A,2017,D,8391.0,42
2024-DEP-42,LVB,A,2018,D,8438.0,42
2024-DEP-42,LVB,A,2022,D,7969.0,42
2024-DEP-42,LVB,A,2021,D,7963.0,42
2024-DEP-42,LVB,A,2015,D,9021.0,42
2024-DEP-42,LVB,A,2020,D,8050.0,42
2024-DEP-43,LVB,A,2017,D,2000.0,43
2024-DEP-43,LVB,A,2019,D,1957.0,43
2024-DEP-43,LVB,A,2016,D,2025.0,43
2024-DEP-43,LVB,A,2015,D,2186.0,43
2024-DEP-43,LVB,A,2024,PROV,1729.0,43
2024-DEP-43,LVB,A,2020,D,1893.0,43
2024-DEP-43,LVB,A,2022,D,1828.0,43
2024-DEP-43,LVB,A,2018,D,2060.0,43
2024-DEP-43,LVB,A,2021,D,1977.0,43
2024-DEP-43,LVB,A,2023,D,1746.0,43
2024-DEP-44,LVB,A,2023,D,14973.0,44
2024-DEP-44,LVB,A,2015,D,16352.0,44
2024-DEP-44,LVB,A,2022,D,16119.0,44
2024-DEP-44,LVB,A,2021,D,16746.0,44
2024-DEP-44,LVB,A,2019,D,16221.0,44
2024-DEP-44,LVB,A,2018,D,16198.0,44
2024-DEP-44,LVB,A,2017,D,16309.0,44
2024-DEP-44,LVB,A,2020,D,16159.0,44
2024-DEP-44,LVB,A,2016,D,16190.0,44
2024-DEP-44,LVB,A,2024,PROV,14582.0,44
2024-DEP-45,LVB,A,2023,D,6974.0,45
2024-DEP-45,LVB,A,2021,D,7517.0,45
2024-DEP-45,LVB,A,2019,D,7819.0,45
2024-DEP-45,LVB,A,2022,D,7588.0,45
2024-DEP-45,LVB,A,2020,D,7615.0,45
2024-DEP-45,LVB,A,2016,D,7860.0,45
2024-DEP-45,LVB,A,2024,PROV,6960.0,45
2024-DEP-45,LVB,A,2018,D,7815.0,45
2024-DEP-45,LVB,A,2017,D,7781.0,45
2024-DEP-45,LVB,A,2015,D,8137.0,45
2024-DEP-46,LVB,A,2021,D,1269.0,46
2024-DEP-46,LVB,A,2023,D,1089.0,46
2024-DEP-46,LVB,A,2020,D,1229.0,46
2024-DEP-46,LVB,A,2022,D,1186.0,46
2024-DEP-46,LVB,A,2016,D,1277.0,46
2024-DEP-46,LVB,A,2017,D,1260.0,46
2024-DEP-46,LVB,A,2024,PROV,1072.0,46
2024-DEP-46,LVB,A,2018,D,1304.0,46
2024-DEP-46,LVB,A,2015,D,1248.0,46
2024-DEP-46,LVB,A,2019,D,1230.0,46
2024-DEP-47,LVB,A,2019,D,2984.0,47
2024-DEP-47,LVB,A,2018,D,2960.0,47
2024-DEP-47,LVB,A,2016,D,3084.0,47
2024-DEP-47,LVB,A,2022,D,2884.0,47
2024-DEP-47,LVB,A,2024,PROV,2562.0,47
2024-DEP-47,LVB,A,2017,D,2953.0,47
2024-DEP-47,LVB,A,2020,D,2892.0,47
2024-DEP-47,LVB,A,2015,D,3094.0,47
2024-DEP-47,LVB,A,2023,D,2756.0,47
2024-DEP-47,LVB,A,2021,D,2875.0,47
2024-DEP-48,LVB,A,2019,D,578.0,48
2024-DEP-48,LVB,A,2018,D,580.0,48
2024-DEP-48,LVB,A,2016,D,661.0,48
2024-DEP-48,LVB,A,2017,D,595.0,48
2024-DEP-48,LVB,A,2022,D,583.0,48
2024-DEP-48,LVB,A,2021,D,604.0,48
2024-DEP-48,LVB,A,2024,PROV,501.0,48
2024-DEP-48,LVB,A,2015,D,694.0,48
2024-DEP-48,LVB,A,2020,D,525.0,48
2024-DEP-48,LVB,A,2023,D,562.0,48
2024-DEP-49,LVB,A,2020,D,8384.0,49
2024-DEP-49,LVB,A,2024,PROV,7786.0,49
2024-DEP-49,LVB,A,2017,D,8984.0,49
2024-DEP-49,LVB,A,2021,D,8742.0,49
2024-DEP-49,LVB,A,2015,D,9421.0,49
2024-DEP-49,LVB,A,2019,D,8483.0,49
2024-DEP-49,LVB,A,2023,D,7945.0,49
2024-DEP-49,LVB,A,2022,D,8480.0,49
2024-DEP-49,LVB,A,2018,D,8776.0,49
2024-DEP-49,LVB,A,2016,D,9104.0,49
2024-DEP-50,LVB,A,2024,PROV,3948.0,50
2024-DEP-50,LVB,A,2023,D,3938.0,50
2024-DEP-50,LVB,A,2015,D,4860.0,50
2024-DEP-50,LVB,A,2021,D,4419.0,50
2024-DEP-50,LVB,A,2018,D,4306.0,50
2024-DEP-50,LVB,A,2017,D,4437.0,50
2024-DEP-50,LVB,A,2016,D,4555.0,50
2024-DEP-50,LVB,A,2022,D,4365.0,50
2024-DEP-50,LVB,A,2020,D,4257.0,50
2024-DEP-50,LVB,A,2019,D,4403.0,50
2024-DEP-51,LVB,A,2020,D,5843.0,51
2024-DEP-51,LVB,A,2022,D,5790.0,51
2024-DEP-51,LVB,A,2018,D,6069.0,51
2024-DEP-51,LVB,A,2015,D,6617.0,51
2024-DEP-51,LVB,A,2024,PROV,5146.0,51
2024-DEP-51,LVB,A,2017,D,6091.0,51
2024-DEP-51,LVB,A,2023,D,5174.0,51
2024-DEP-51,LVB,A,2021,D,6041.0,51
2024-DEP-51,LVB,A,2016,D,6410.0,51
2024-DEP-51,LVB,A,2019,D,6113.0,51
2024-DEP-52,LVB,A,2020,D,1381.0,52
2024-DEP-52,LVB,A,2017,D,1550.0,52
2024-DEP-52,LVB,A,2018,D,1507.0,52
2024-DEP-52,LVB,A,2022,D,1361.0,52
2024-DEP-52,LVB,A,2024,PROV,1250.0,52
2024-DEP-52,LVB,A,2021,D,1445.0,52
2024-DEP-52,LVB,A,2016,D,1611.0,52
2024-DEP-52,LVB,A,2015,D,1725.0,52
2024-DEP-52,LVB,A,2023,D,1375.0,52
2024-DEP-52,LVB,A,2019,D,1424.0,52
2024-DEP-53,LVB,A,2017,D,3012.0,53
2024-DEP-53,LVB,A,2018,D,3024.0,53
2024-DEP-53,LVB,A,2021,D,2986.0,53
2024-DEP-53,LVB,A,2016,D,3225.0,53
2024-DEP-53,LVB,A,2022,D,3040.0,53
2024-DEP-53,LVB,A,2019,D,3003.0,53
2024-DEP-53,LVB,A,2024,PROV,2841.0,53
2024-DEP-53,LVB,A,2020,D,2968.0,53
2024-DEP-53,LVB,A,2023,D,2873.0,53
2024-DEP-53,LVB,A,2015,D,3341.0,53
2024-DEP-54,LVB,A,2016,D,7795.0,54
2024-DEP-54,LVB,A,2023,D,5913.0,54
2024-DEP-54,LVB,A,2018,D,7139.0,54
2024-DEP-54,LVB,A,2021,D,6785.0,54
2024-DEP-54,LVB,A,2024,PROV,5860.0,54
2024-DEP-54,LVB,A,2019,D,7003.0,54
2024-DEP-54,LVB,A,2017,D,7507.0,54
2024-DEP-54,LVB,A,2020,D,6819.0,54
2024-DEP-54,LVB,A,2022,D,6560.0,54
2024-DEP-54,LVB,A,2015,D,7785.0,54
2024-DEP-55,LVB,A,2017,D,1729.0,55
2024-DEP-55,LVB,A,2018,D,1626.0,55
2024-DEP-55,LVB,A,2016,D,1751.0,55
2024-DEP-55,LVB,A,2020,D,1512.0,55
2024-DEP-55,LVB,A,2021,D,1581.0,55
2024-DEP-55,LVB,A,2022,D,1473.0,55
2024-DEP-55,LVB,A,2019,D,1551.0,55
2024-DEP-55,LVB,A,2024,PROV,1296.0,55
2024-DEP-55,LVB,A,2023,D,1388.0,55
2024-DEP-55,LVB,A,2015,D,1872.0,55
2024-DEP-56,LVB,A,2015,D,7108.0,56
2024-DEP-56,LVB,A,2016,D,6974.0,56
2024-DEP-56,LVB,A,2021,D,6755.0,56
2024-DEP-56,LVB,A,2017,D,6754.0,56
2024-DEP-56,LVB,A,2020,D,6478.0,56
2024-DEP-56,LVB,A,2022,D,6766.0,56
2024-DEP-56,LVB,A,2018,D,6637.0,56
2024-DEP-56,LVB,A,2019,D,6661.0,56
2024-DEP-56,LVB,A,2023,D,6186.0,56
2024-DEP-56,LVB,A,2024,PROV,5974.0,56
2024-DEP-57,LVB,A,2018,D,10189.0,57
2024-DEP-57,LVB,A,2022,D,9346.0,57
2024-DEP-57,LVB,A,2016,D,10707.0,57
2024-DEP-57,LVB,A,2017,D,10547.0,57
2024-DEP-57,LVB,A,2015,D,10946.0,57
2024-DEP-57,LVB,A,2024,PROV,8693.0,57
2024-DEP-57,LVB,A,2020,D,9697.0,57
2024-DEP-57,LVB,A,2019,D,10232.0,57
2024-DEP-57,LVB,A,2021,D,9744.0,57
2024-DEP-57,LVB,A,2023,D,8660.0,57
2024-DEP-58,LVB,A,2023,D,1412.0,58
2024-DEP-58,LVB,A,2022,D,1507.0,58
2024-DEP-58,LVB,A,2017,D,1628.0,58
2024-DEP-58,LVB,A,2021,D,1547.0,58
2024-DEP-58,LVB,A,2019,D,1522.0,58
2024-DEP-58,LVB,A,2024,PROV,1339.0,58
2024-DEP-58,LVB,A,2016,D,1675.0,58
2024-DEP-58,LVB,A,2015,D,1777.0,58
2024-DEP-58,LVB,A,2018,D,1657.0,58
2024-DEP-58,LVB,A,2020,D,1482.0,58
2024-DEP-59,LVB,A,2015,D,34678.0,59
2024-DEP-59,LVB,A,2021,D,30010.0,59
2024-DEP-59,LVB,A,2023,D,27488.0,59
2024-DEP-59,LVB,A,2019,D,31096.0,59
2024-DEP-59,LVB,A,2024,PROV,26560.0,59
2024-DEP-59,LVB,A,2018,D,31396.0,59
2024-DEP-59,LVB,A,2017,D,32304.0,59
2024-DEP-59,LVB,A,2016,D,33501.0,59
2024-DEP-59,LVB,A,2022,D,28956.0,59
2024-DEP-59,LVB,A,2020,D,30145.0,59
2024-DEP-60,LVB,A,2023,D,8509.0,60
2024-DEP-60,LVB,A,2024,PROV,8452.0,60
2024-DEP-60,LVB,A,2021,D,9331.0,60
2024-DEP-60,LVB,A,2015,D,10614.0,60
2024-DEP-60,LVB,A,2022,D,9202.0,60
2024-DEP-60,LVB,A,2018,D,9565.0,60
2024-DEP-60,LVB,A,2017,D,9974.0,60
2024-DEP-60,LVB,A,2019,D,9509.0,60
2024-DEP-60,LVB,A,2020,D,9319.0,60
2024-DEP-60,LVB,A,2016,D,10159.0,60
2024-DEP-61,LVB,A,2016,D,2643.0,61
2024-DEP-61,LVB,A,2015,D,2675.0,61
2024-DEP-61,LVB,A,2020,D,2324.0,61
2024-DEP-61,LVB,A,2021,D,2281.0,61
2024-DEP-61,LVB,A,2024,PROV,2150.0,61
2024-DEP-61,LVB,A,2018,D,2444.0,61
2024-DEP-61,LVB,A,2017,D,2495.0,61
2024-DEP-61,LVB,A,2019,D,2349.0,61
2024-DEP-61,LVB,A,2022,D,2391.0,61
2024-DEP-61,LVB,A,2023,D,2270.0,61
2024-DEP-62,LVB,A,2017,D,16604.0,62
2024-DEP-62,LVB,A,2016,D,17063.0,62
2024-DEP-62,LVB,A,2021,D,15419.0,62
2024-DEP-62,LVB,A,2020,D,15261.0,62
2024-DEP-62,LVB,A,2023,D,14130.0,62
2024-DEP-62,LVB,A,2019,D,15590.0,62
2024-DEP-62,LVB,A,2022,D,15030.0,62
2024-DEP-62,LVB,A,2018,D,15600.0,62
2024-DEP-62,LVB,A,2015,D,17729.0,62
2024-DEP-62,LVB,A,2024,PROV,13905.0,62
2024-DEP-63,LVB,A,2019,D,6424.0,63
2024-DEP-63,LVB,A,2021,D,6346.0,63
2024-DEP-63,LVB,A,2016,D,6532.0,63
2024-DEP-63,LVB,A,2015,D,6618.0,63
2024-DEP-63,LVB,A,2022,D,6055.0,63
2024-DEP-63,LVB,A,2024,PROV,5415.0,63
2024-DEP-63,LVB,A,2023,D,5510.0,63
2024-DEP-63,LVB,A,2017,D,6528.0,63
2024-DEP-63,LVB,A,2020,D,6175.0,63
2024-DEP-63,LVB,A,2018,D,6555.0,63
2024-DEP-64,LVB,A,2020,D,5950.0,64
2024-DEP-64,LVB,A,2022,D,5893.0,64
2024-DEP-64,LVB,A,2018,D,5839.0,64
2024-DEP-64,LVB,A,2015,D,6247.0,64
2024-DEP-64,LVB,A,2024,PROV,5358.0,64
2024-DEP-64,LVB,A,2016,D,6144.0,64
2024-DEP-64,LVB,A,2017,D,5965.0,64
2024-DEP-64,LVB,A,2023,D,5477.0,64
2024-DEP-64,LVB,A,2021,D,5979.0,64
2024-DEP-64,LVB,A,2019,D,5893.0,64
2024-DEP-65,LVB,A,2016,D,1913.0,65
2024-DEP-65,LVB,A,2019,D,1824.0,65
2024-DEP-65,LVB,A,2015,D,1992.0,65
2024-DEP-65,LVB,A,2020,D,1897.0,65
2024-DEP-65,LVB,A,2022,D,1862.0,65
2024-DEP-65,LVB,A,2023,D,1785.0,65
2024-DEP-65,LVB,A,2024,PROV,1665.0,65
2024-DEP-65,LVB,A,2018,D,1802.0,65
2024-DEP-65,LVB,A,2017,D,1907.0,65
2024-DEP-65,LVB,A,2021,D,1810.0,65
2024-DEP-66,LVB,A,2021,D,4512.0,66
2024-DEP-66,LVB,A,2022,D,4318.0,66
2024-DEP-66,LVB,A,2018,D,4342.0,66
2024-DEP-66,LVB,A,2024,PROV,4045.0,66
2024-DEP-66,LVB,A,2023,D,4146.0,66
2024-DEP-66,LVB,A,2017,D,4429.0,66
2024-DEP-66,LVB,A,2019,D,4319.0,66
2024-DEP-66,LVB,A,2020,D,4329.0,66
2024-DEP-66,LVB,A,2015,D,4718.0,66
2024-DEP-66,LVB,A,2016,D,4439.0,66
2024-DEP-67,LVB,A,2015,D,12570.0,67
2024-DEP-67,LVB,A,2022,D,11298.0,67
2024-DEP-67,LVB,A,2016,D,12516.0,67
2024-DEP-67,LVB,A,2019,D,12019.0,67
2024-DEP-67,LVB,A,2020,D,11797.0,67
2024-DEP-67,LVB,A,2021,D,11660.0,67
2024-DEP-67,LVB,A,2024,PROV,10409.0,67
2024-DEP-67,LVB,A,2017,D,12299.0,67
2024-DEP-67,LVB,A,2018,D,12176.0,67
2024-DEP-67,LVB,A,2023,D,10699.0,67
2024-DEP-68,LVB,A,2019,D,7705.0,68
2024-DEP-68,LVB,A,2020,D,7536.0,68
2024-DEP-68,LVB,A,2017,D,8159.0,68
2024-DEP-68,LVB,A,2023,D,6740.0,68
2024-DEP-68,LVB,A,2024,PROV,6633.0,68
2024-DEP-68,LVB,A,2016,D,8285.0,68
2024-DEP-68,LVB,A,2015,D,8636.0,68
2024-DEP-68,LVB,A,2018,D,8054.0,68
2024-DEP-68,LVB,A,2021,D,7360.0,68
2024-DEP-68,LVB,A,2022,D,7236.0,68
2024-DEP-69,LVB,A,2016,D,26121.0,69
2024-DEP-69,LVB,A,2019,D,25152.0,69
2024-DEP-69,LVB,A,2018,D,25513.0,69
2024-DEP-69,LVB,A,2024,PROV,21425.0,69
2024-DEP-69,LVB,A,2022,D,22986.0,69
2024-DEP-69,LVB,A,2015,D,26581.0,69
2024-DEP-69,LVB,A,2023,D,21529.0,69
2024-DEP-69,LVB,A,2017,D,25644.0,69
2024-DEP-69,LVB,A,2020,D,24241.0,69
2024-DEP-69,LVB,A,2021,D,24009.0,69
2024-DEP-70,LVB,A,2019,D,2044.0,70
2024-DEP-70,LVB,A,2018,D,2112.0,70
2024-DEP-70,LVB,A,2021,D,1995.0,70
2024-DEP-70,LVB,A,2024,PROV,1784.0,70
2024-DEP-70,LVB,A,2015,D,2385.0,70
2024-DEP-70,LVB,A,2020,D,1954.0,70
2024-DEP-70,LVB,A,2016,D,2271.0,70
2024-DEP-70,LVB,A,2023,D,1781.0,70
2024-DEP-70,LVB,A,2017,D,2200.0,70
2024-DEP-70,LVB,A,2022,D,1913.0,70
2024-DEP-71,LVB,A,2017,D,4949.0,71
2024-DEP-71,LVB,A,2020,D,4655.0,71
2024-DEP-71,LVB,A,2022,D,4586.0,71
2024-DEP-71,LVB,A,2023,D,4337.0,71
2024-DEP-71,LVB,A,2021,D,4790.0,71
2024-DEP-71,LVB,A,2018,D,4854.0,71
2024-DEP-71,LVB,A,2019,D,4742.0,71
2024-DEP-71,LVB,A,2015,D,5384.0,71
2024-DEP-71,LVB,A,2016,D,5097.0,71
2024-DEP-71,LVB,A,2024,PROV,4094.0,71
2024-DEP-72,LVB,A,2016,D,6054.0,72
2024-DEP-72,LVB,A,2022,D,5647.0,72
2024-DEP-72,LVB,A,2019,D,5749.0,72
2024-DEP-72,LVB,A,2015,D,6213.0,72
2024-DEP-72,LVB,A,2020,D,5547.0,72
2024-DEP-72,LVB,A,2024,PROV,5088.0,72
2024-DEP-72,LVB,A,2023,D,5271.0,72
2024-DEP-72,LVB,A,2018,D,5635.0,72
2024-DEP-72,LVB,A,2017,D,5815.0,72
2024-DEP-72,LVB,A,2021,D,5710.0,72
2024-DEP-73,LVB,A,2016,D,4536.0,73
2024-DEP-73,LVB,A,2018,D,4509.0,73
2024-DEP-73,LVB,A,2019,D,4383.0,73
2024-DEP-73,LVB,A,2023,D,3793.0,73
2024-DEP-73,LVB,A,2015,D,4671.0,73
2024-DEP-73,LVB,A,2022,D,4272.0,73
2024-DEP-73,LVB,A,2021,D,4384.0,73
2024-DEP-73,LVB,A,2020,D,4273.0,73
2024-DEP-73,LVB,A,2024,PROV,3902.0,73
2024-DEP-73,LVB,A,2017,D,4476.0,73
2024-DEP-74,LVB,A,2024,PROV,8817.0,74
2024-DEP-74,LVB,A,2018,D,9905.0,74
2024-DEP-74,LVB,A,2015,D,10053.0,74
2024-DEP-74,LVB,A,2017,D,9603.0,74
2024-DEP-74,LVB,A,2021,D,9860.0,74
2024-DEP-74,LVB,A,2020,D,9680.0,74
2024-DEP-74,LVB,A,2016,D,9708.0,74
2024-DEP-74,LVB,A,2019,D,9823.0,74
2024-DEP-74,LVB,A,2023,D,8969.0,74
2024-DEP-74,LVB,A,2022,D,9595.0,74
2024-DEP-75,LVB,A,2020,D,26157.0,75
2024-DEP-75,LVB,A,2021,D,25810.0,75
2024-DEP-75,LVB,A,2017,D,27419.0,75
2024-DEP-75,LVB,A,2015,D,28267.0,75
2024-DEP-75,LVB,A,2023,D,21775.0,75
2024-DEP-75,LVB,A,2022,D,23785.0,75
2024-DEP-75,LVB,A,2016,D,28384.0,75
2024-DEP-75,LVB,A,2018,D,27367.0,75
2024-DEP-75,LVB,A,2019,D,27373.0,75
2024-DEP-75,LVB,A,2024,PROV,21484.0,75
2024-DEP-76,LVB,A,2015,D,15077.0,76
2024-DEP-76,LVB,A,2020,D,13446.0,76
2024-DEP-76,LVB,A,2018,D,14183.0,76
2024-DEP-76,LVB,A,2022,D,13639.0,76
2024-DEP-76,LVB,A,2017,D,14326.0,76
2024-DEP-76,LVB,A,2023,D,12297.0,76
2024-DEP-76,LVB,A,2016,D,14645.0,76
2024-DEP-76,LVB,A,2021,D,13600.0,76
2024-DEP-76,LVB,A,2024,PROV,12252.0,76
2024-DEP-76,LVB,A,2019,D,14044.0,76
2024-DEP-77,LVB,A,2024,PROV,17109.0,77
2024-DEP-77,LVB,A,2015,D,19197.0,77
2024-DEP-77,LVB,A,2019,D,18585.0,77
2024-DEP-77,LVB,A,2022,D,18239.0,77
2024-DEP-77,LVB,A,2020,D,18212.0,77
2024-DEP-77,LVB,A,2016,D,18868.0,77
2024-DEP-77,LVB,A,2018,D,18418.0,77
2024-DEP-77,LVB,A,2023,D,17400.0,77
2024-DEP-77,LVB,A,2021,D,18431.0,77
2024-DEP-77,LVB,A,2017,D,18729.0,77
2024-DEP-78,LVB,A,2024,PROV,17005.0,78
2024-DEP-78,LVB,A,2022,D,18111.0,78
2024-DEP-78,LVB,A,2017,D,18537.0,78
2024-DEP-78,LVB,A,2021,D,18401.0,78
2024-DEP-78,LVB,A,2023,D,17291.0,78
2024-DEP-78,LVB,A,2019,D,18550.0,78
2024-DEP-78,LVB,A,2018,D,18548.0,78
2024-DEP-78,LVB,A,2020,D,18141.0,78
2024-DEP-78,LVB,A,2016,D,18918.0,78
2024-DEP-78,LVB,A,2015,D,19208.0,78
2024-DEP-79,LVB,A,2015,D,3568.0,79
2024-DEP-79,LVB,A,2019,D,3347.0,79
2024-DEP-79,LVB,A,2024,PROV,2847.0,79
2024-DEP-79,LVB,A,2017,D,3389.0,79
2024-DEP-79,LVB,A,2018,D,3381.0,79
2024-DEP-79,LVB,A,2022,D,3107.0,79
2024-DEP-79,LVB,A,2020,D,3146.0,79
2024-DEP-79,LVB,A,2023,D,2995.0,79
2024-DEP-79,LVB,A,2021,D,3267.0,79
2024-DEP-79,LVB,A,2016,D,3646.0,79
2024-DEP-80,LVB,A,2020,D,5433.0,80
2024-DEP-80,LVB,A,2019,D,5591.0,80
2024-DEP-80,LVB,A,2024,PROV,5026.0,80
2024-DEP-80,LVB,A,2015,D,6289.0,80
2024-DEP-80,LVB,A,2018,D,5781.0,80
2024-DEP-80,LVB,A,2021,D,5420.0,80
2024-DEP-80,LVB,A,2023,D,5129.0,80
2024-DEP-80,LVB,A,2017,D,5949.0,80
2024-DEP-80,LVB,A,2022,D,5579.0,80
2024-DEP-80,LVB,A,2016,D,6126.0,80
2024-DEP-81,LVB,A,2015,D,3681.0,81
2024-DEP-81,LVB,A,2023,D,3044.0,81
2024-DEP-81,LVB,A,2017,D,3421.0,81
2024-DEP-81,LVB,A,2019,D,3345.0,81
2024-DEP-81,LVB,A,2024,PROV,2817.0,81
2024-DEP-81,LVB,A,2021,D,3352.0,81
2024-DEP-81,LVB,A,2022,D,3383.0,81
2024-DEP-81,LVB,A,2016,D,3611.0,81
2024-DEP-81,LVB,A,2018,D,3257.0,81
2024-DEP-81,LVB,A,2020,D,3213.0,81
2024-DEP-82,LVB,A,2022,D,2601.0,82
2024-DEP-82,LVB,A,2019,D,2555.0,82
2024-DEP-82,LVB,A,2015,D,2824.0,82
2024-DEP-82,LVB,A,2020,D,2449.0,82
2024-DEP-82,LVB,A,2016,D,2674.0,82
2024-DEP-82,LVB,A,2017,D,2678.0,82
2024-DEP-82,LVB,A,2024,PROV,2222.0,82
2024-DEP-82,LVB,A,2021,D,2660.0,82
2024-DEP-82,LVB,A,2023,D,2312.0,82
2024-DEP-82,LVB,A,2018,D,2550.0,82
2024-DEP-83,LVB,A,2020,D,10282.0,83
2024-DEP-83,LVB,A,2022,D,10677.0,83
2024-DEP-83,LVB,A,2024,PROV,9436.0,83
2024-DEP-83,LVB,A,2015,D,10751.0,83
2024-DEP-83,LVB,A,2021,D,10561.0,83
2024-DEP-83,LVB,A,2016,D,10656.0,83
2024-DEP-83,LVB,A,2023,D,9791.0,83
2024-DEP-83,LVB,A,2019,D,10516.0,83
2024-DEP-83,LVB,A,2018,D,10267.0,83
2024-DEP-83,LVB,A,2017,D,10504.0,83
2024-DEP-84,LVB,A,2017,D,6442.0,84
2024-DEP-84,LVB,A,2021,D,6201.0,84
2024-DEP-84,LVB,A,2018,D,6392.0,84
2024-DEP-84,LVB,A,2016,D,6602.0,84
2024-DEP-84,LVB,A,2024,PROV,5400.0,84
2024-DEP-84,LVB,A,2019,D,6315.0,84
2024-DEP-84,LVB,A,2023,D,5483.0,84
2024-DEP-84,LVB,A,2022,D,6054.0,84
2024-DEP-84,LVB,A,2015,D,6859.0,84
2024-DEP-84,LVB,A,2020,D,6231.0,84
2024-DEP-85,LVB,A,2024,PROV,5143.0,85
2024-DEP-85,LVB,A,2022,D,5896.0,85
2024-DEP-85,LVB,A,2018,D,6106.0,85
2024-DEP-85,LVB,A,2019,D,5973.0,85
2024-DEP-85,LVB,A,2016,D,6314.0,85
2024-DEP-85,LVB,A,2020,D,5916.0,85
2024-DEP-85,LVB,A,2017,D,6143.0,85
2024-DEP-85,LVB,A,2021,D,6043.0,85
2024-DEP-85,LVB,A,2023,D,5439.0,85
2024-DEP-85,LVB,A,2015,D,6722.0,85
2024-DEP-86,LVB,A,2023,D,3608.0,86
2024-DEP-86,LVB,A,2021,D,4025.0,86
2024-DEP-86,LVB,A,2020,D,4039.0,86
2024-DEP-86,LVB,A,2024,PROV,3629.0,86
2024-DEP-86,LVB,A,2022,D,3999.0,86
2024-DEP-86,LVB,A,2016,D,4281.0,86
2024-DEP-86,LVB,A,2015,D,4461.0,86
2024-DEP-86,LVB,A,2017,D,4175.0,86
2024-DEP-86,LVB,A,2018,D,4044.0,86
2024-DEP-86,LVB,A,2019,D,4084.0,86
2024-DEP-87,LVB,A,2016,D,3420.0,87
2024-DEP-87,LVB,A,2024,PROV,2921.0,87
2024-DEP-87,LVB,A,2015,D,3639.0,87
2024-DEP-87,LVB,A,2022,D,3316.0,87
2024-DEP-87,LVB,A,2020,D,3288.0,87
2024-DEP-87,LVB,A,2021,D,3146.0,87
2024-DEP-87,LVB,A,2019,D,3406.0,87
2024-DEP-87,LVB,A,2023,D,3115.0,87
2024-DEP-87,LVB,A,2018,D,3318.0,87
2024-DEP-87,LVB,A,2017,D,3368.0,87
2024-DEP-88,LVB,A,2019,D,3123.0,88
2024-DEP-88,LVB,A,2021,D,3076.0,88
2024-DEP-88,LVB,A,2020,D,2998.0,88
2024-DEP-88,LVB,A,2023,D,2656.0,88
2024-DEP-88,LVB,A,2018,D,3202.0,88
2024-DEP-88,LVB,A,2022,D,2907.0,88
2024-DEP-88,LVB,A,2017,D,3234.0,88
2024-DEP-88,LVB,A,2016,D,3314.0,88
2024-DEP-88,LVB,A,2015,D,3491.0,88
2024-DEP-88,LVB,A,2024,PROV,2655.0,88
2024-DEP-89,LVB,A,2022,D,2990.0,89
2024-DEP-89,LVB,A,2016,D,3403.0,89
2024-DEP-89,LVB,A,2018,D,3216.0,89
2024-DEP-89,LVB,A,2024,PROV,2687.0,89
2024-DEP-89,LVB,A,2023,D,2761.0,89
2024-DEP-89,LVB,A,2019,D,3172.0,89
2024-DEP-89,LVB,A,2021,D,2979.0,89
2024-DEP-89,LVB,A,2020,D,3104.0,89
2024-DEP-89,LVB,A,2017,D,3162.0,89
2024-DEP-89,LVB,A,2015,D,3672.0,89
2024-DEP-90,LVB,A,2021,D,1320.0,90
2024-DEP-90,LVB,A,2022,D,1349.0,90
2024-DEP-90,LVB,A,2024,PROV,1214.0,90
2024-DEP-90,LVB,A,2018,D,1524.0,90
2024-DEP-90,LVB,A,2020,D,1385.0,90
2024-DEP-90,LVB,A,2015,D,1598.0,90
2024-DEP-90,LVB,A,2017,D,1550.0,90
2024-DEP-90,LVB,A,2019,D,1451.0,90
2024-DEP-90,LVB,A,2016,D,1593.0,90
2024-DEP-90,LVB,A,2023,D,1222.0,90
2024-DEP-91,LVB,A,2015,D,19104.0,91
2024-DEP-91,LVB,A,2022,D,18309.0,91
2024-DEP-91,LVB,A,2020,D,18370.0,91
2024-DEP-91,LVB,A,2019,D,18520.0,91
2024-DEP-91,LVB,A,2024,PROV,17070.0,91
2024-DEP-91,LVB,A,2023,D,17227.0,91
2024-DEP-91,LVB,A,2017,D,18693.0,91
2024-DEP-91,LVB,A,2016,D,18603.0,91
2024-DEP-91,LVB,A,2018,D,18618.0,91
2024-DEP-91,LVB,A,2021,D,18430.0,91
2024-DEP-92,LVB,A,2022,D,20475.0,92
2024-DEP-92,LVB,A,2017,D,23122.0,92
2024-DEP-92,LVB,A,2021,D,21290.0,92
2024-DEP-92,LVB,A,2016,D,23830.0,92
2024-DEP-92,LVB,A,2018,D,22878.0,92
2024-DEP-92,LVB,A,2024,PROV,19808.0,92
2024-DEP-92,LVB,A,2020,D,21439.0,92
2024-DEP-92,LVB,A,2015,D,23966.0,92
2024-DEP-92,LVB,A,2019,D,22251.0,92
2024-DEP-92,LVB,A,2023,D,19609.0,92
2024-DEP-93,LVB,A,2017,D,28951.0,93
2024-DEP-93,LVB,A,2024,PROV,24950.0,93
2024-DEP-93,LVB,A,2015,D,29325.0,93
2024-DEP-93,LVB,A,2018,D,28735.0,93
2024-DEP-93,LVB,A,2023,D,25215.0,93
2024-DEP-93,LVB,A,2022,D,26247.0,93
2024-DEP-93,LVB,A,2019,D,28456.0,93
2024-DEP-93,LVB,A,2021,D,26152.0,93
2024-DEP-93,LVB,A,2020,D,27583.0,93
2024-DEP-93,LVB,A,2016,D,29065.0,93
2024-DEP-94,LVB,A,2021,D,19280.0,94
2024-DEP-94,LVB,A,2023,D,17682.0,94
2024-DEP-94,LVB,A,2018,D,20368.0,94
2024-DEP-94,LVB,A,2020,D,19553.0,94
2024-DEP-94,LVB,A,2019,D,20399.0,94
2024-DEP-94,LVB,A,2022,D,18696.0,94
2024-DEP-94,LVB,A,2016,D,20639.0,94
2024-DEP-94,LVB,A,2015,D,21055.0,94
2024-DEP-94,LVB,A,2017,D,20704.0,94
2024-DEP-94,LVB,A,2024,PROV,17684.0,94
2024-DEP-95,LVB,A,2019,D,19758.0,95
2024-DEP-95,LVB,A,2017,D,19644.0,95
2024-DEP-95,LVB,A,2016,D,19676.0,95
2024-DEP-95,LVB,A,2015,D,19640.0,95
2024-DEP-95,LVB,A,2023,D,17929.0,95
2024-DEP-95,LVB,A,2022,D,19089.0,95
2024-DEP-95,LVB,A,2021,D,19272.0,95
2024-DEP-95,LVB,A,2024,PROV,17444.0,95
2024-DEP-95,LVB,A,2020,D,19012.0,95
2024-DEP-95,LVB,A,2018,D,19507.0,95
2024-DEP-971,LVB,A,2017,D,4126.0,971
2024-DEP-971,LVB,A,2020,D,4678.0,971
2024-DEP-971,LVB,A,2015,D,4714.0,971
2024-DEP-971,LVB,A,2021,D,4344.0,971
2024-DEP-971,LVB,A,2023,D,4061.0,971
2024-DEP-971,LVB,A,2018,D,4249.0,971
2024-DEP-971,LVB,A,2022,D,4218.0,971
2024-DEP-971,LVB,A,2024,PROV,3617.0,971
2024-DEP-971,LVB,A,2016,D,4653.0,971
2024-DEP-971,LVB,A,2019,D,4601.0,971
2024-DEP-972,LVB,A,2023,D,3335.0,972
2024-DEP-972,LVB,A,2019,D,3749.0,972
2024-DEP-972,LVB,A,2022,D,3493.0,972
2024-DEP-972,LVB,A,2017,D,3640.0,972
2024-DEP-972,LVB,A,2015,D,3972.0,972
2024-DEP-972,LVB,A,2020,D,3529.0,972
2024-DEP-972,LVB,A,2024,PROV,2898.0,972
2024-DEP-972,LVB,A,2016,D,3782.0,972
2024-DEP-972,LVB,A,2018,D,3670.0,972
2024-DEP-972,LVB,A,2021,D,3627.0,972
2024-DEP-973,LVB,A,2018,D,7995.0,973
2024-DEP-973,LVB,A,2022,D,7718.0,973
2024-DEP-973,LVB,A,2023,D,7689.0,973
2024-DEP-973,LVB,A,2019,D,8104.0,973
2024-DEP-973,LVB,A,2015,D,6806.0,973
2024-DEP-973,LVB,A,2024,PROV,6853.0,973
2024-DEP-973,LVB,A,2016,D,7270.0,973
2024-DEP-973,LVB,A,2021,D,8127.0,973
2024-DEP-973,LVB,A,2020,D,7992.0,973
2024-DEP-973,LVB,A,2017,D,8057.0,973
2024-DEP-974,LVB,A,2017,D,13708.0,974
2024-DEP-974,LVB,A,2021,D,13470.0,974
2024-DEP-974,LVB,A,2016,D,13742.0,974
2024-DEP-974,LVB,A,2018,D,13364.0,974
2024-DEP-974,LVB,A,2022,D,13205.0,974
2024-DEP-974,LVB,A,2015,D,14011.0,974
2024-DEP-974,LVB,A,2020,D,13142.0,974
2024-DEP-974,LVB,A,2019,D,13171.0,974
2024-DEP-974,LVB,A,2024,PROV,11822.0,974
2024-DEP-974,LVB,A,2023,D,12876.0,974
