population_annee,population,code_dep_population
1991,476982,1
1992,482557,1
1993,488244,1
1994,491135,1
1995,495127,1
1996,499310,1
1997,504201,1
1998,509520,1
1999,514331,1
2000,521103,1
2001,528195,1
2002,535616,1
2003,543136,1
2004,550939,1
2005,558968,1
2006,566740,1
2007,574377,1
2008,581355,1
2009,588853,1
2010,597341,1
2011,603827,1
2012,612191,1
2013,619497,1
2014,626127,1
2015,631877,1
2016,638425,1
2017,643350,1
2018,647634,1
2019,652432,1
2020,657856,1
2021,663202,1
2022,671289,1
2023,677187,1
2024,683034,1
2025,688626,1
2026,694054,1
1991,537263,2
1992,537755,2
1993,538219,2
1994,537926,2
1995,538324,2
1996,538017,2
1997,537751,2
1998,536629,2
1999,536181,2
2000,536260,2
2001,536626,2
2002,536784,2
2003,536651,2
2004,536464,2
2005,536798,2
2006,537061,2
2007,537820,2
2008,538790,2
2009,539870,2
2010,540508,2
2011,541302,2
2012,540888,2
2013,540067,2
2014,539783,2
2015,538659,2
2016,536136,2
2017,534490,2
2018,533316,2
2019,531345,2
2020,529374,2
2021,527468,2
2022,525558,2
2023,523228,2
2024,521152,2
2025,518817,2
2026,517141,2
1991,356432,3
1992,355195,3
1993,353824,3
1994,352441,3
1995,351058,3
1996,349376,3
1997,348200,3
1998,346640,3
1999,345072,3
2000,344710,3
2001,344551,3
2002,344355,3
2003,344005,3
2004,343547,3
2005,343558,3
2006,343309,3
2007,343114,3
2008,342807,3
2009,343046,3
2010,342908,3
2011,342729,3
2012,342911,3
2013,343431,3
2014,343062,3
2015,341613,3
2016,339384,3
2017,337988,3
2018,337171,3
2019,335975,3
2020,335628,3
2021,334872,3
2022,334715,3
2023,333922,3
2024,333234,3
2025,332599,3
2026,331959,3
1991,131857,4
1992,132739,4
1993,134040,4
1994,135216,4
1995,136392,4
1996,137453,4
1997,138373,4
1998,139454,4
1999,139515,4
2000,141454,4
2001,143574,4
2002,145750,4
2003,147970,4
2004,150051,4
2005,152376,4
2006,154501,4
2007,156067,4
2008,157965,4
2009,159450,4
2010,160149,4
2011,160959,4
2012,161241,4
2013,161916,4
2014,161588,4
2015,161799,4
2016,162565,4
2017,163915,4
2018,164068,4
2019,164308,4
2020,165451,4
2021,166077,4
2022,167179,4
2023,168005,4
2024,168908,4
2025,169806,4
2026,170538,4
1991,114193,5
1992,114917,5
1993,115376,5
1994,116689,5
1995,117530,5
1996,118526,5
1997,119433,5
1998,120972,5
1999,121338,5
2000,122542,5
2001,123873,5
2002,125287,5
2003,126721,5
2004,128067,5
2005,129453,5
2006,130752,5
2007,132482,5
2008,134205,5
2009,135836,5
2010,136971,5
2011,138605,5
2012,139554,5
2013,139279,5
2014,139883,5
2015,140916,5
2016,141107,5
2017,141284,5
2018,140698,5
2019,141220,5
2020,140605,5
2021,140976,5
2022,141677,5
2023,141826,5
2024,141906,5
2025,142006,5
2026,142058,5
1991,981331,6
1992,989251,6
1993,993695,6
1994,998779,6
1995,998702,6
1996,1000154,6
1997,1002360,6
1998,1006282,6
1999,1010644,6
2000,1017956,6
2001,1026455,6
2002,1035271,6
2003,1044429,6
2004,1053182,6
2005,1063500,6
2006,1073184,6
2007,1082465,6
2008,1084428,6
2009,1079100,6
2010,1078729,6
2011,1081244,6
2012,1082014,6
2013,1080771,6
2014,1083312,6
2015,1082440,6
2016,1083704,6
2017,1083310,6
2018,1086219,6
2019,1094283,6
2020,1097410,6
2021,1103941,6
2022,1114579,6
2023,1119807,6
2024,1124992,6
2025,1129950,6
2026,1137850,6
1991,278688,7
1992,279438,7
1993,280263,7
1994,280897,7
1995,281487,7
1996,282838,7
1997,283811,7
1998,285181,7
1999,285889,7
2000,288386,7
2001,291079,7
2002,293922,7
2003,296960,7
2004,300021,7
2005,303117,7
2006,306238,7
2007,309456,7
2008,311452,7
2009,313578,7
2010,315090,7
2011,317277,7
2012,318407,7
2013,320379,7
2014,322381,7
2015,324209,7
2016,325157,7
2017,325712,7
2018,326606,7
2019,328278,7
2020,329325,7
2021,331415,7
2022,333229,7
2023,334451,7
2024,335833,7
2025,336947,7
2026,338608,7
1991,295676,8
1992,294625,8
1993,294604,8
1994,294260,8
1995,293368,8
1996,292822,8
1997,292175,8
1998,291329,8
1999,290452,8
2000,289609,8
2001,289041,8
2002,288520,8
2003,287820,8
2004,287136,8
2005,286425,8
2006,285653,8
2007,284749,8
2008,284197,8
2009,283296,8
2010,283250,8
2011,283110,8
2012,282778,8
2013,280907,8
2014,279715,8
2015,277752,8
2016,275371,8
2017,273579,8
2018,271845,8
2019,270582,8
2020,269701,8
2021,268859,8
2022,267204,8
2023,265865,8
2024,264556,8
2025,263194,8
2026,262244,8
1991,136772,9
1992,136870,9
1993,136632,9
1994,136613,9
1995,136496,9
1996,136219,9
1997,136544,9
1998,136732,9
1999,137201,9
2000,138199,9
2001,139388,9
2002,140681,9
2003,142043,9
2004,143371,9
2005,144888,9
2006,146289,9
2007,148568,9
2008,150201,9
2009,151117,9
2010,152038,9
2011,152286,9
2012,152366,9
2013,152684,9
2014,152574,9
2015,152499,9
2016,153067,9
2017,153153,9
2018,153066,9
2019,153287,9
2020,153954,9
2021,154596,9
2022,155339,9
2023,155760,9
2024,156304,9
2025,156787,9
2026,157372,9
1991,290118,10
1992,290731,10
1993,291359,10
1994,291968,10
1995,292575,10
1996,292381,10
1997,292712,10
1998,292676,10
1999,292317,10
2000,293185,10
2001,294310,10
2002,295419,10
2003,296294,10
2004,297154,10
2005,298483,10
2006,299704,10
2007,300840,10
2008,301327,10
2009,303298,10
2010,303327,10
2011,303997,10
2012,305606,10
2013,306581,10
2014,308094,10
2015,309056,10
2016,308910,10
2017,310020,10
2018,310020,10
2019,310242,10
2020,311435,10
2021,311329,10
2022,311076,10
2023,311170,10
2024,311187,10
2025,310930,10
2026,311382,10
1991,300615,11
1992,301045,11
1993,301693,11
1994,302569,11
1995,303404,11
1996,304530,11
1997,305604,11
1998,308125,11
1999,309463,11
2000,313341,11
2001,317549,11
2002,321972,11
2003,326491,11
2004,331267,11
2005,336237,11
2006,341022,11
2007,345779,11
2008,349237,11
2009,353980,11
2010,356467,11
2011,359967,11
2012,362339,11
2013,364877,11
2014,365478,11
2015,366957,11
2016,368025,11
2017,370260,11
2018,372806,11
2019,374070,11
2020,375217,11
2021,376028,11
2022,377773,11
2023,378427,11
2024,379190,11
2025,379729,11
2026,381736,11
1991,269114,12
1992,268535,12
1993,267728,12
1994,267025,12
1995,266473,12
1996,265492,12
1997,265027,12
1998,264419,12
1999,264048,12
2000,265065,12
2001,266369,12
2002,267766,12
2003,269114,12
2004,270275,12
2005,271979,12
2006,273377,12
2007,274425,12
2008,275889,12
2009,277048,12
2010,276805,12
2011,275813,12
2012,276229,12
2013,277740,12
2014,278644,12
2015,279169,12
2016,278697,12
2017,279206,12
2018,279274,12
2019,279595,12
2020,279554,12
2021,279649,12
2022,279736,12
2023,279241,12
2024,278821,12
2025,278355,12
2026,278701,12
1991,1768054,13
1992,1777351,13
1993,1788025,13
1994,1794222,13
1995,1802202,13
1996,1809226,13
1997,1815271,13
1998,1824390,13
1999,1833982,13
2000,1846878,13
2001,1860948,13
2002,1876310,13
2003,1891344,13
2004,1905689,13
2005,1921821,13
2006,1937405,13
2007,1958926,13
2008,1966005,13
2009,1967299,13
2010,1972018,13
2011,1975896,13
2012,1984784,13
2013,1993177,13
2014,2006069,13
2015,2016622,13
2016,2019717,13
2017,2024162,13
2018,2034357,13
2019,2043110,13
2020,2048070,13
2021,2056943,13
2022,2069811,13
2023,2076707,13
2024,2083682,13
2025,2090225,13
2026,2099634,13
1991,621780,14
1992,625079,14
1993,628687,14
1994,631182,14
1995,633738,14
1996,637669,14
1997,641868,14
1998,644513,14
1999,647951,14
2000,651193,14
2001,654684,14
2002,658189,14
2003,661498,14
2004,664769,14
2005,668210,14
2006,671351,14
2007,673667,14
2008,678206,14
2009,680908,14
2010,683105,14
2011,685262,14
2012,687854,14
2013,689945,14
2014,691670,14
2015,693579,14
2016,693679,14
2017,694002,14
2018,694056,14
2019,694905,14
2020,697547,14
2021,700633,14
2022,704605,14
2023,706548,14
2024,709128,14
2025,711029,14
2026,713672,14
1991,158305,15
1992,157220,15
1993,156449,15
1994,155574,15
1995,154630,15
1996,153777,15
1997,152740,15
1998,151841,15
1999,150977,15
2000,150640,15
2001,150457,15
2002,150181,15
2003,150118,15
2004,149944,15
2005,149830,15
2006,149682,15
2007,149057,15
2008,148737,15
2009,148380,15
2010,148162,15
2011,147577,15
2012,147415,15
2013,147035,15
2014,146618,15
2015,146219,15
2016,145969,15
2017,145143,15
2018,144765,15
2019,144692,15
2020,144379,15
2021,144226,15
2022,144399,15
2023,144177,15
2024,143964,15
2025,143746,15
2026,143644,15
1991,342244,16
1992,342242,16
1993,342381,16
1994,341750,16
1995,341371,16
1996,340786,16
1997,340431,16
1998,339932,16
1999,339828,16
2000,340761,16
2001,341959,16
2002,343012,16
2003,343894,16
2004,344708,16
2005,345911,16
2006,347037,16
2007,349535,16
2008,351581,16
2009,351563,16
2010,351577,16
2011,352705,16
2012,353657,16
2013,353482,16
2014,353853,16
2015,353613,16
2016,353288,16
2017,352335,16
2018,351778,16
2019,352015,16
2020,351718,16
2021,350867,16
2022,351603,16
2023,351023,16
2024,350672,16
2025,350209,16
2026,350122,16
1991,530632,17
1992,533431,17
1993,535893,17
1994,538260,17
1995,540779,17
1996,543835,17
1997,547041,17
1998,552641,17
1999,556419,17
2000,561742,17
2001,567617,17
2002,573817,17
2003,579877,17
2004,586082,17
2005,592640,17
2006,598915,17
2007,605410,17
2008,611714,17
2009,616607,17
2010,622323,17
2011,625682,17
2012,628733,17
2013,633417,17
2014,637089,17
2015,639938,17
2016,642191,17
2017,644303,17
2018,646932,17
2019,651358,17
2020,655709,17
2021,661404,17
2022,668160,17
2023,672443,17
2024,677189,17
2025,681666,17
2026,687172,17
1991,321274,18
1992,321042,18
1993,320257,18
1994,319294,18
1995,318250,18
1996,316913,18
1997,316121,18
1998,315255,18
1999,314603,18
2000,314584,18
2001,314636,18
2002,314887,18
2003,314781,18
2004,314490,18
2005,314642,18
2006,314675,18
2007,314599,18
2008,313251,18
2009,311022,18
2010,311257,18
2011,311694,18
2012,311897,18
2013,311650,18
2014,310270,18
2015,308992,18
2016,307110,18
2017,304256,18
2018,303408,18
2019,302306,18
2020,300933,18
2021,299573,18
2022,299496,18
2023,298404,18
2024,297019,18
2025,295830,18
2026,294823,18
1991,237510,19
1992,236942,19
1993,236308,19
1994,235827,19
1995,235422,19
1996,234541,19
1997,233767,19
1998,233347,19
1999,232819,19
2000,233631,19
2001,234567,19
2002,235775,19
2003,236805,19
2004,237823,19
2005,239185,19
2006,240363,19
2007,242038,19
2008,242896,19
2009,243352,19
2010,243551,19
2011,242454,19
2012,241247,19
2013,240781,19
2014,241340,19
2015,241871,19
2016,241535,19
2017,241464,19
2018,240583,19
2019,240073,19
2020,239190,19
2021,239784,19
2022,240120,19
2023,239911,19
2024,239704,19
2025,239483,19
2026,239136,19
1991,495531,21
1992,497563,21
1993,499519,21
1994,500929,21
1995,502767,21
1996,504022,21
1997,505716,21
1998,506212,21
1999,506699,21
2000,508015,21
2001,509714,21
2002,511197,21
2003,512591,21
2004,514022,21
2005,515829,21
2006,517168,21
2007,519143,21
2008,521608,21
2009,524144,21
2010,524358,21
2011,525931,21
2012,527403,21
2013,529761,21
2014,531380,21
2015,533147,21
2016,533213,21
2017,533819,21
2018,533220,21
2019,534124,21
2020,535078,21
2021,535503,21
2022,537577,21
2023,538080,21
2024,538508,21
2025,538799,21
2026,539853,21
1991,538213,22
1992,537254,22
1993,537435,22
1994,536793,22
1995,537009,22
1996,536856,22
1997,539324,22
1998,541391,22
1999,542398,22
2000,545656,22
2001,549503,22
2002,553556,22
2003,557831,22
2004,562226,22
2005,566688,22
2006,570861,22
2007,576049,22
2008,581570,22
2009,587519,22
2010,591641,22
2011,594375,22
2012,595531,22
2013,597085,22
2014,597397,22
2015,598357,22
2016,598953,22
2017,598814,22
2018,599584,22
2019,600582,22
2020,603640,22
2021,605917,22
2022,609598,22
2023,611258,22
2024,613301,22
2025,615301,22
2026,618141,22
1991,130554,23
1992,129648,23
1993,128976,23
1994,127959,23
1995,127002,23
1996,126359,23
1997,125856,23
1998,125314,23
1999,124597,23
2000,124303,23
2001,124095,23
2002,123953,23
2003,123797,23
2004,123561,23
2005,123423,23
2006,123401,23
2007,123861,23
2008,123907,23
2009,123584,23
2010,123029,23
2011,122560,23
2012,121517,23
2013,120872,23
2014,120581,23
2015,120365,23
2016,119502,23
2017,118638,23
2018,117503,23
2019,116617,23
2020,115995,23
2021,115702,23
2022,115529,23
2023,114940,23
2024,114600,23
2025,114103,23
2026,113417,23
1991,387139,24
1992,387066,24
1993,387227,24
1994,387114,24
1995,386941,24
1996,386685,24
1997,387393,24
1998,388050,24
1999,388407,24
2000,390272,24
2001,392493,24
2002,394747,24
2003,396905,24
2004,398994,24
2005,401607,24
2006,404052,24
2007,406793,24
2008,409388,24
2009,412082,24
2010,414149,24
2011,415168,24
2012,416384,24
2013,416909,24
2014,416350,24
2015,415417,24
2016,414789,24
2017,413606,24
2018,413418,24
2019,413223,24
2020,412807,24
2021,413730,24
2022,416325,24
2023,416671,24
2024,417397,24
2025,417714,24
2026,418600,24
1991,486507,25
1992,488956,25
1993,491109,25
1994,492812,25
1995,495063,25
1996,496848,25
1997,497719,25
1998,498613,25
1999,499223,25
2000,501423,25
2001,503929,25
2002,506241,25
2003,508532,25
2004,510794,25
2005,513571,25
2006,516157,25
2007,520133,25
2008,522685,25
2009,525276,25
2010,527770,25
2011,529103,25
2012,531062,25
2013,533320,25
2014,534710,25
2015,536959,25
2016,538549,25
2017,539067,25
2018,541454,25
2019,543974,25
2020,545209,25
2021,547096,25
2022,548662,25
2023,549462,25
2024,550255,25
2025,550846,25
2026,553380,25
1991,417019,26
1992,419445,26
1993,422575,26
1994,424626,26
1995,427508,26
1996,429211,26
1997,432251,26
1998,435256,26
1999,437654,26
2000,441480,26
2001,445862,26
2002,450214,26
2003,454702,26
2004,459076,26
2005,463976,26
2006,468608,26
2007,473428,26
2008,478069,26
2009,482984,26
2010,484715,26
2011,487993,26
2012,491334,26
2013,494712,26
2014,499159,26
2015,504637,26
2016,508006,26
2017,511553,26
2018,514732,26
2019,516762,26
2020,517709,26
2021,519458,26
2022,521432,26
2023,522454,26
2024,523457,26
2025,524409,26
2026,526186,26
1991,517478,27
1992,522477,27
1993,525823,27
1994,528991,27
1995,531677,27
1996,534513,27
1997,537186,27
1998,539608,27
1999,540918,27
2000,544635,27
2001,548502,27
2002,552211,27
2003,555822,27
2004,559393,27
2005,563316,27
2006,567221,27
2007,572105,27
2008,577087,27
2009,582822,27
2010,586543,27
2011,588111,27
2012,591616,27
2013,595043,27
2014,598347,27
2015,601948,27
2016,602825,27
2017,601843,27
2018,599962,27
2019,599507,27
2020,599668,27
2021,598934,27
2022,601305,27
2023,601533,27
2024,601853,27
2025,601942,27
2026,601399,27
1991,398575,28
1992,401323,28
1993,403528,28
1994,405293,28
1995,406368,28
1996,406961,28
1997,407793,28
1998,408212,28
1999,407707,28
2000,409342,28
2001,411292,28
2002,413125,28
2003,415032,28
2004,416808,28
2005,418968,28
2006,421114,28
2007,422411,28
2008,423559,28
2009,425502,28
2010,428933,28
2011,430416,28
2012,432107,28
2013,432967,28
2014,433762,28
2015,434035,28
2016,433929,28
2017,433233,28
2018,431997,28
2019,431575,28
2020,431443,28
2021,431277,28
2022,432950,28
2023,433132,28
2024,433304,28
2025,433148,28
2026,433128,28
1991,838401,29
1992,838457,29
1993,839672,29
1994,840565,29
1995,841298,29
1996,844116,29
1997,847075,29
1998,849779,29
1999,852273,29
2000,855924,29
2001,860540,29
2002,865006,29
2003,869205,29
2004,873568,29
2005,878532,29
2006,883001,29
2007,885906,29
2008,890509,29
2009,893914,29
2010,897628,29
2011,899870,29
2012,901293,29
2013,903921,29
2014,905855,29
2015,907796,29
2016,908249,29
2017,909028,29
2018,911735,29
2019,915090,29
2020,917179,29
2021,921638,29
2022,927912,29
2023,930710,29
2024,933628,29
2025,936238,29
2026,941035,29
1991,588745,30
1992,593423,30
1993,598655,30
1994,602896,30
1995,605413,30
1996,608972,30
1997,612981,30
1998,618151,30
1999,622509,30
2000,630051,30
2001,638166,30
2002,646976,30
2003,655892,30
2004,664622,30
2005,674062,30
2006,683169,30
2007,689847,30
2008,694323,30
2009,701883,30
2010,709700,30
2011,718357,30
2012,725618,30
2013,733201,30
2014,736029,30
2015,738189,30
2016,742006,30
2017,744178,30
2018,745458,30
2019,748437,30
2020,751457,30
2021,756543,30
2022,764010,30
2023,768166,30
2024,772243,30
2025,775994,30
2026,780343,30
1991,938877,31
1992,955129,31
1993,970746,31
1994,979110,31
1995,991133,31
1996,1004166,31
1997,1016846,31
1998,1029466,31
1999,1044208,31
2000,1062514,31
2001,1082140,31
2002,1102414,31
2003,1122778,31
2004,1143706,31
2005,1165193,31
2006,1186330,31
2007,1202920,31
2008,1217344,31
2009,1230820,31
2010,1243641,31
2011,1260226,31
2012,1279349,31
2013,1298562,31
2014,1317668,31
2015,1335103,31
2016,1348183,31
2017,1362672,31
2018,1380672,31
2019,1400039,31
2020,1415757,31
2021,1434367,31
2022,1456261,31
2023,1473299,31
2024,1489751,31
2025,1506391,31
2026,1525593,31
1991,174899,32
1992,174102,32
1993,173735,32
1994,173194,32
1995,172650,32
1996,172560,32
1997,172401,32
1998,172580,32
1999,172484,32
2000,173522,32
2001,174681,32
2002,176049,32
2003,177185,32
2004,178515,32
2005,179995,32
2006,181375,32
2007,183615,32
2008,185266,32
2009,187181,32
2010,188159,32
2011,188893,32
2012,189530,32
2013,190276,32
2014,190625,32
2015,190932,32
2016,190664,32
2017,191091,32
2018,191283,32
2019,191377,32
2020,191819,32
2021,192437,32
2022,192649,32
2023,192822,32
2024,192920,32
2025,193053,32
2026,193563,32
1991,1223957,33
1992,1233378,33
1993,1243092,33
1994,1249226,33
1995,1256465,33
1996,1263427,33
1997,1270159,33
1998,1276453,33
1999,1286072,33
2000,1299777,33
2001,1314667,33
2002,1330095,33
2003,1345768,33
2004,1361225,33
2005,1377991,33
2006,1393758,33
2007,1409345,33
2008,1421276,33
2009,1434661,33
2010,1449245,33
2011,1463662,33
2012,1483712,33
2013,1505517,33
2014,1526016,33
2015,1548478,33
2016,1566679,33
2017,1583384,33
2018,1601845,33
2019,1623749,33
2020,1636391,33
2021,1654970,33
2022,1674980,33
2023,1689714,33
2024,1704597,33
2025,1718654,33
2026,1737878,33
1991,805887,34
1992,817317,34
1993,829197,34
1994,839568,34
1995,850037,34
1996,861681,34
1997,872270,34
1998,884890,34
1999,894537,34
2000,907747,34
2001,921521,34
2002,936987,34
2003,952865,34
2004,968476,34
2005,985113,34
2006,1001041,34
2007,1011207,34
2008,1019798,34
2009,1031974,34
2010,1044558,34
2011,1062036,34
2012,1077627,34
2013,1092331,34
2014,1107398,34
2015,1120190,34
2016,1132481,34
2017,1144892,34
2018,1159220,34
2019,1175623,34
2020,1188973,34
2021,1201883,34
2022,1217331,34
2023,1229560,34
2024,1241541,34
2025,1252904,34
2026,1268977,34
1991,805129,35
1992,812305,35
1993,819455,35
1994,826097,35
1995,832855,35
1996,840650,35
1997,848726,35
1998,857295,35
1999,866111,35
2000,876201,35
2001,887423,35
2002,898909,35
2003,910367,35
2004,921911,35
2005,933885,35
2006,945851,35
2007,955846,35
2008,967588,35
2009,977449,35
2010,988140,35
2011,996439,35
2012,1007901,35
2013,1019923,35
2014,1032240,35
2015,1042884,35
2016,1051779,35
2017,1060199,35
2018,1069228,35
2019,1079498,35
2020,1088855,35
2021,1098325,35
2022,1109232,35
2023,1117647,35
2024,1126416,35
2025,1134891,35
2026,1144985,35
1991,237109,36
1992,236467,36
1993,235831,36
1994,234577,36
1995,234056,36
1996,233375,36
1997,232829,36
1998,232252,36
1999,231365,36
2000,231441,36
2001,231681,36
2002,231866,36
2003,232155,36
2004,232211,36
2005,232612,36
2006,232959,36
2007,232799,36
2008,232004,36
2009,232268,36
2010,231176,36
2011,230175,36
2012,228692,36
2013,228091,36
2014,226175,36
2015,224200,36
2016,223505,36
2017,222232,36
2018,220595,36
2019,219316,36
2020,218707,36
2021,217228,36
2022,216809,36
2023,215578,36
2024,214525,36
2025,213358,36
2026,212502,36
1991,531644,37
1992,534700,37
1993,538147,37
1994,540563,37
1995,543482,37
1996,546156,37
1997,549262,37
1998,551498,37
1999,553690,37
2000,557170,37
2001,561151,37
2002,564886,37
2003,568765,37
2004,572255,37
2005,576366,37
2006,580312,37
2007,583086,37
2008,585406,37
2009,588420,37
2010,590515,37
2011,593683,37
2012,596937,37
2013,600252,37
2014,603924,37
2015,604966,37
2016,606223,37
2017,606511,37
2018,607760,37
2019,610079,37
2020,612119,37
2021,612160,37
2022,616326,37
2023,617703,37
2024,619310,37
2025,620686,37
2026,622616,37
1991,1024568,38
1992,1035067,38
1993,1044677,38
1994,1051932,38
1995,1059768,38
1996,1067838,38
1997,1076887,38
1998,1085203,38
1999,1092778,38
2000,1102331,38
2001,1113017,38
2002,1124185,38
2003,1135080,38
2004,1145897,38
2005,1157903,38
2006,1169491,38
2007,1178714,38
2008,1188660,38
2009,1197038,38
2010,1206374,38
2011,1215212,38
2012,1224993,38
2013,1235387,38
2014,1243597,38
2015,1251060,38
2016,1252912,38
2017,1258722,38
2018,1263563,38
2019,1271166,38
2020,1277513,38
2021,1284948,38
2022,1291380,38
2023,1297087,38
2024,1302971,38
2025,1308807,38
2026,1315785,38
1991,249430,39
1992,249821,39
1993,250215,39
1994,250294,39
1995,250509,39
1996,250869,39
1997,250659,39
1998,250917,39
1999,250905,39
2000,251811,39
2001,252840,39
2002,253875,39
2003,254691,39
2004,255536,39
2005,256567,39
2006,257399,39
2007,258897,39
2008,260740,39
2009,261277,39
2010,261534,39
2011,261294,39
2012,260932,39
2013,260502,39
2014,260681,39
2015,260587,39
2016,260517,39
2017,260188,39
2018,259746,39
2019,259199,39
2020,258798,39
2021,258555,39
2022,258405,39
2023,257986,39
2024,257644,39
2025,256977,39
2026,256825,39
1991,313287,40
1992,315261,40
1993,317126,40
1994,318630,40
1995,319778,40
1996,321240,40
1997,323150,40
1998,325077,40
1999,327240,40
2000,331510,40
2001,336470,40
2002,341456,40
2003,346620,40
2004,351827,40
2005,357544,40
2006,362827,40
2007,367492,40
2008,373142,40
2009,379341,40
2010,384320,40
2011,387929,40
2012,392884,40
2013,397226,40
2014,400477,40
2015,403234,40
2016,405010,40
2017,407444,40
2018,410355,40
2019,413690,40
2020,418122,40
2021,422976,40
2022,428427,40
2023,432717,40
2024,436872,40
2025,440763,40
2026,445577,40
1991,307217,41
1992,308482,41
1993,309798,41
1994,310472,41
1995,311590,41
1996,312590,41
1997,313660,41
1998,314616,41
1999,314995,41
2000,316354,41
2001,317783,41
2002,319144,41
2003,320536,41
2004,321808,41
2005,323489,41
2006,325182,41
2007,326291,41
2008,326599,41
2009,327868,41
2010,330079,41
2011,331280,41
2012,331656,41
2013,332001,41
2014,333567,41
2015,333050,41
2016,332769,41
2017,331915,41
2018,330248,41
2019,329470,41
2020,329357,41
2021,328504,41
2022,328953,41
2023,328360,41
2024,328012,41
2025,327451,41
2026,326769,41
1991,744872,42
1992,744283,42
1993,744067,42
1994,742659,42
1995,740191,42
1996,738670,42
1997,735287,42
1998,731657,42
1999,729081,42
2000,730614,42
2001,732528,42
2002,734267,42
2003,735780,42
2004,737297,42
2005,739393,42
2006,741269,42
2007,740668,42
2008,742076,42
2009,746115,42
2010,748947,42
2011,749053,42
2012,753763,42
2013,756715,42
2014,757305,42
2015,759411,42
2016,761997,42
2017,762941,42
2018,763441,42
2019,765634,42
2020,768508,42
2021,769029,42
2022,772041,42
2023,773693,42
2024,775357,42
2025,776590,42
2026,778712,42
1991,206612,43
1992,206639,43
1993,206379,43
1994,206508,43
1995,206511,43
1996,206895,43
1997,207555,43
1998,208285,43
1999,209086,43
2000,210410,43
2001,211774,43
2002,213246,43
2003,214595,43
2004,216165,43
2005,217820,43
2006,219484,43
2007,220437,43
2008,221834,43
2009,223122,43
2010,224006,43
2011,224907,43
2012,225686,43
2013,226203,43
2014,226565,43
2015,227034,43
2016,227339,43
2017,227283,43
2018,227552,43
2019,227570,43
2020,227489,43
2021,227284,43
2022,228161,43
2023,228034,43
2024,228010,43
2025,227959,43
2026,228142,43
1991,1058966,44
1992,1068983,44
1993,1079601,44
1994,1087854,44
1995,1096033,44
1996,1105020,44
1997,1114088,44
1998,1124006,44
1999,1133247,44
2000,1146058,44
2001,1160239,44
2002,1174492,44
2003,1189157,44
2004,1203474,44
2005,1218810,44
2006,1234085,44
2007,1246798,44
2008,1255871,44
2009,1266358,44
2010,1282052,44
2011,1296364,44
2012,1313321,44
2013,1328620,44
2014,1346592,44
2015,1365227,44
2016,1380852,44
2017,1394909,44
2018,1412502,44
2019,1429272,44
2020,1445171,44
2021,1457806,44
2022,1473156,44
2023,1486149,44
2024,1498959,44
2025,1510913,44
2026,1527403,44
1991,585588,45
1992,591029,45
1993,595926,45
1994,600195,45
1995,604569,45
1996,608331,45
1997,612369,45
1998,616372,45
1999,617935,45
2000,621230,45
2001,625235,45
2002,629070,45
2003,633019,45
2004,636707,45
2005,641169,45
2006,645325,45
2007,647733,45
2008,650769,45
2009,653510,45
2010,656105,45
2011,659587,45
2012,662297,45
2013,665587,45
2014,669737,45
2015,673349,45
2016,674330,45
2017,678105,45
2018,678845,45
2019,680434,45
2020,682304,45
2021,684561,45
2022,687063,45
2023,688539,45
2024,689845,45
2025,691006,45
2026,693096,45
1991,156262,46
1992,156980,46
1993,157211,46
1994,157694,46
1995,157977,46
1996,158363,46
1997,159074,46
1998,159657,46
1999,160230,46
2000,161375,46
2001,162680,46
2002,164076,46
2003,165493,46
2004,166873,46
2005,168271,46
2006,169531,46
2007,171173,46
2008,172796,46
2009,173562,46
2010,174578,46
2011,174754,46
2012,174346,46
2013,173758,46
2014,173648,46
2015,173400,46
2016,173347,46
2017,173828,46
2018,173929,46
2019,174094,46
2020,174670,46
2021,174942,46
2022,175620,46
2023,175858,46
2024,176103,46
2025,176432,46
2026,177006,46
1991,305470,47
1992,304994,47
1993,304579,47
1994,304044,47
1995,304310,47
1996,304064,47
1997,304591,47
1998,304968,47
1999,305482,47
2000,307415,47
2001,309679,47
2002,311984,47
2003,314421,47
2004,316872,47
2005,319719,47
2006,322292,47
2007,324170,47
2008,326399,47
2009,329697,47
2010,331123,47
2011,330866,47
2012,332119,47
2013,333180,47
2014,333234,47
2015,333417,47
2016,332833,47
2017,332842,47
2018,331970,47
2019,331271,47
2020,330844,47
2021,331229,47
2022,332226,47
2023,332080,47
2024,332318,47
2025,332372,47
2026,332177,47
1991,72650,48
1992,72390,48
1993,72763,48
1994,72932,48
1995,72884,48
1996,73033,48
1997,73219,48
1998,73507,48
1999,73513,48
2000,73851,48
2001,74348,48
2002,74857,48
2003,75314,48
2004,75784,48
2005,76298,48
2006,76800,48
2007,76880,48
2008,76973,48
2009,77163,48
2010,77082,48
2011,77156,48
2012,76889,48
2013,76607,48
2014,76360,48
2015,76309,48
2016,76422,48
2017,76601,48
2018,76520,48
2019,76604,48
2020,76633,48
2021,76519,48
2022,76503,48
2023,76471,48
2024,76512,48
2025,76452,48
2026,76489,48
1991,707020,49
1992,710269,49
1993,713817,49
1994,717037,49
1995,720569,49
1996,724324,49
1997,727143,49
1998,729551,49
1999,732624,49
2000,736867,49
2001,742072,49
2002,747089,49
2003,751708,49
2004,756253,49
2005,761529,49
2006,766659,49
2007,770777,49
2008,774823,49
2009,780082,49
2010,784810,49
2011,790343,49
2012,795557,49
2013,800191,49
2014,805888,49
2015,810186,49
2016,810934,49
2017,813493,49
2018,815883,49
2019,818273,49
2020,820713,49
2021,824743,49
2022,828151,49
2023,830394,49
2024,832858,49
2025,835364,49
2026,838327,49
1991,479820,50
1992,479408,50
1993,479877,50
1994,479779,50
1995,480310,50
1996,480267,50
1997,480858,50
1998,481349,50
1999,481466,50
2000,483178,50
2001,484848,50
2002,486544,50
2003,488260,50
2004,489608,50
2005,491110,50
2006,492563,50
2007,495153,50
2008,496937,50
2009,497762,50
2010,498747,50
2011,499531,50
2012,499340,50
2013,499919,50
2014,499958,50
2015,499287,50
2016,498362,50
2017,496883,50
2018,495983,50
2019,495045,50
2020,495093,50
2021,495508,50
2022,496815,50
2023,496441,50
2024,496331,50
2025,496199,50
2026,496426,50
1991,559006,51
1992,560409,51
1993,562053,51
1994,563357,51
1995,564908,51
1996,565544,51
1997,565798,51
1998,565935,51
1999,565366,51
2000,565189,51
2001,565535,51
2002,565782,51
2003,565830,51
2004,565512,51
2005,565675,51
2006,565841,51
2007,566491,51
2008,566010,51
2009,566145,51
2010,565307,51
2011,566571,51
2012,568750,51
2013,569999,51
2014,570817,51
2015,572293,51
2016,570883,51
2017,568895,51
2018,567462,51
2019,566855,51
2020,566659,51
2021,565292,51
2022,564107,51
2023,562387,51
2024,560550,51
2025,558743,51
2026,557900,51
1991,203333,52
1992,202052,52
1993,200882,52
1994,199891,52
1995,199263,52
1996,198275,52
1997,197242,52
1998,196378,52
1999,195131,52
2000,194024,52
2001,192992,52
2002,191914,52
2003,190907,52
2004,189795,52
2005,188817,52
2006,187652,52
2007,187407,52
2008,186470,52
2009,185214,52
2010,184039,52
2011,182375,52
2012,182136,52
2013,181521,52
2014,180673,52
2015,179154,52
2016,178084,52
2017,175640,52
2018,174069,52
2019,172512,52
2020,171798,52
2021,171042,52
2022,169865,52
2023,168854,52
2024,168009,52
2025,167047,52
2026,165772,52
1991,278255,53
1992,278701,53
1993,279725,53
1994,280569,53
1995,281443,53
1996,282376,53
1997,283126,53
1998,283893,53
1999,285218,53
2000,286970,53
2001,289124,53
2002,291126,53
2003,293122,53
2004,294813,53
2005,296884,53
2006,299000,53
2007,300643,53
2008,302983,53
2009,305147,53
2010,306337,53
2011,307031,53
2012,307453,53
2013,307500,53
2014,307471,53
2015,307940,53
2016,307688,53
2017,307445,53
2018,307084,53
2019,307062,53
2020,306538,53
2021,305933,53
2022,305437,53
2023,304630,53
2024,303859,53
2025,303245,53
2026,302963,53
1991,711758,54
1992,713614,54
1993,715492,54
1994,716518,54
1995,717273,54
1996,717201,54
1997,716448,54
1998,715062,54
1999,714295,54
2000,715684,54
2001,717358,54
2002,719199,54
2003,720638,54
2004,721734,54
2005,723797,54
2006,725302,54
2007,726592,54
2008,729768,54
2009,731019,54
2010,732207,54
2011,733124,54
2012,733266,54
2013,731004,54
2014,732153,54
2015,734403,54
2016,733821,54
2017,733481,54
2018,733469,54
2019,733760,54
2020,732590,54
2021,732486,54
2022,732898,54
2023,731744,54
2024,730498,54
2025,729358,54
2026,729666,54
1991,196043,55
1992,195676,55
1993,195709,55
1994,195478,55
1995,194887,55
1996,194622,55
1997,194338,55
1998,192797,55
1999,192443,55
2000,192682,55
2001,193019,55
2002,193312,55
2003,193321,55
2004,193376,55
2005,193637,55
2006,193696,55
2007,193962,55
2008,194218,55
2009,194003,55
2010,193923,55
2011,193557,55
2012,192800,55
2013,192094,55
2014,191530,55
2015,190626,55
2016,189055,55
2017,187187,55
2018,185355,55
2019,184083,55
2020,183001,55
2021,181919,55
2022,180745,55
2023,179439,55
2024,178231,55
2025,177024,55
2026,175691,55
1991,621740,56
1992,623457,56
1993,626160,56
1994,627128,56
1995,629518,56
1996,632042,56
1997,635229,56
1998,639772,56
1999,643293,56
2000,649831,56
2001,656858,56
2002,664294,56
2003,671846,56
2004,679372,56
2005,687480,56
2006,694821,56
2007,702487,56
2008,710034,56
2009,716182,56
2010,721657,56
2011,727083,56
2012,732372,56
2013,737778,56
2014,741051,56
2015,744813,56
2016,747548,56
2017,750863,56
2018,754867,56
2019,759684,56
2020,764161,56
2021,768687,56
2022,776103,56
2023,780633,56
2024,785243,56
2025,789465,56
2026,795251,56
1991,1011848,57
1992,1013534,57
1993,1015854,57
1994,1017589,57
1995,1019421,57
1996,1020258,57
1997,1022509,57
1998,1022916,57
1999,1023763,57
2000,1025516,57
2001,1027458,57
2002,1029636,57
2003,1031421,57
2004,1032634,57
2005,1034768,57
2006,1036776,57
2007,1039023,57
2008,1042230,57
2009,1044898,57
2010,1045066,57
2011,1045146,57
2012,1046468,57
2013,1046873,57
2014,1045154,57
2015,1044486,57
2016,1045271,57
2017,1043522,57
2018,1043524,57
2019,1046543,57
2020,1049155,57
2021,1049942,57
2022,1050721,57
2023,1050692,57
2024,1050897,57
2025,1050955,57
2026,1053830,57
1991,232671,58
1992,231731,58
1993,230756,58
1994,230146,58
1995,229577,58
1996,228568,58
1997,227623,58
1998,226776,58
1999,225485,58
2000,225054,58
2001,224569,58
2002,224139,58
2003,223605,58
2004,223050,58
2005,222711,58
2006,222220,58
2007,221488,58
2008,220653,58
2009,220199,58
2010,219584,58
2011,218341,58
2012,216786,58
2013,215221,58
2014,213569,58
2015,211747,58
2016,209161,58
2017,207182,58
2018,205828,58
2019,204452,58
2020,202670,58
2021,202417,58
2022,202299,58
2023,201409,58
2024,200541,58
2025,199666,58
2026,198853,58
1991,2531624,59
1992,2536843,59
1993,2541429,59
1994,2544978,59
1995,2548948,59
1996,2552731,59
1997,2553508,59
1998,2554942,59
1999,2555471,59
2000,2554638,59
2001,2555959,59
2002,2558213,59
2003,2559871,59
2004,2561038,59
2005,2563886,59
2006,2565257,59
2007,2564950,59
2008,2564959,59
2009,2571940,59
2010,2576770,59
2011,2579208,59
2012,2587128,59
2013,2595536,59
2014,2603472,59
2015,2605238,59
2016,2603723,59
2017,2604361,59
2018,2606234,59
2019,2608346,59
2020,2607746,59
2021,2611293,59
2022,2616909,59
2023,2616339,59
2024,2616167,59
2025,2615505,59
2026,2618899,59
1991,732276,60
1992,739642,60
1993,746457,60
1994,751362,60
1995,755673,60
1996,760914,60
1997,763991,60
1998,765111,60
1999,766253,60
2000,769848,60
2001,773713,60
2002,777612,60
2003,781462,60
2004,785007,60
2005,789012,60
2006,792975,60
2007,796624,60
2008,799725,60
2009,801512,60
2010,803595,60
2011,805642,60
2012,810300,60
2013,815400,60
2014,818680,60
2015,821552,60
2016,823542,60
2017,824503,60
2018,827153,60
2019,829419,60
2020,829699,60
2021,828838,60
2022,830725,60
2023,830509,60
2024,830031,60
2025,829583,60
2026,830762,60
1991,293161,61
1992,293314,61
1993,294086,61
1994,294376,61
1995,294268,61
1996,293516,61
1997,293414,61
1998,292912,61
1999,292530,61
2000,292557,61
2001,292868,61
2002,293068,61
2003,293158,61
2004,293052,61
2005,293105,61
2006,292879,61
2007,292609,61
2008,292282,61
2009,292210,61
2010,291642,61
2011,290891,61
2012,290015,61
2013,288848,61
2014,287750,61
2015,286618,61
2016,285308,61
2017,283372,61
2018,281593,61
2019,279942,61
2020,278475,61
2021,276973,61
2022,276144,61
2023,274742,61
2024,273419,61
2025,271896,61
2026,270451,61
1991,1433769,62
1992,1434353,62
1993,1436353,62
1994,1436805,62
1995,1437398,62
1996,1438800,62
1997,1441027,62
1998,1440495,62
1999,1441996,62
2000,1443226,62
2001,1445183,62
2002,1447364,62
2003,1448757,62
2004,1449510,62
2005,1451727,62
2006,1453387,62
2007,1456726,62
2008,1459531,62
2009,1461257,62
2010,1461387,62
2011,1462807,62
2012,1463628,62
2013,1465205,62
2014,1472589,62
2015,1472648,62
2016,1470725,62
2017,1468018,62
2018,1466743,62
2019,1465278,62
2020,1462167,62
2021,1461441,62
2022,1460184,62
2023,1456673,62
2024,1453532,62
2025,1450306,62
2026,1448550,62
1991,598368,63
1992,598348,63
1993,599325,63
1994,599492,63
1995,600033,63
1996,600840,63
1997,601736,63
1998,602853,63
1999,604239,63
2000,606467,63
2001,609162,63
2002,612018,63
2003,614688,63
2004,617448,63
2005,620571,63
2006,623463,63
2007,626639,63
2008,628485,63
2009,629416,63
2010,632311,63
2011,635469,63
2012,638092,63
2013,640999,63
2014,644216,63
2015,647501,63
2016,650700,63
2017,653742,63
2018,659048,63
2019,662152,63
2020,661852,63
2021,662285,63
2022,664385,63
2023,664263,63
2024,664135,63
2025,664068,63
2026,666302,63
1991,580655,64
1992,583349,64
1993,585466,64
1994,586794,64
1995,588226,64
1996,589059,64
1997,591529,64
1998,594245,64
1999,599547,64
2000,604249,64
2001,609605,64
2002,614850,64
2003,620208,64
2004,625669,64
2005,631335,64
2006,636849,64
2007,643090,64
2008,647420,64
2009,650356,64
2010,653515,64
2011,656608,64
2012,660871,64
2013,664057,64
2014,667249,64
2015,670032,64
2016,673986,64
2017,677309,64
2018,679810,64
2019,682621,64
2020,687240,64
2021,693027,64
2022,699473,64
2023,704074,64
2024,708825,64
2025,713482,64
2026,718323,64
1991,225026,65
1992,224823,65
1993,224676,65
1994,223834,65
1995,223936,65
1996,223560,65
1997,223109,65
1998,222764,65
1999,222631,65
2000,223299,65
2001,223930,65
2002,224657,65
2003,225411,65
2004,226132,65
2005,227083,65
2006,227736,65
2007,228594,65
2008,229079,65
2009,229670,65
2010,229458,65
2011,229228,65
2012,228854,65
2013,228868,65
2014,228950,65
2015,228582,65
2016,227829,65
2017,228530,65
2018,229191,65
2019,229567,65
2020,229788,65
2021,230956,65
2022,231453,65
2023,231638,65
2024,232145,65
2025,232548,65
2026,233385,65
1991,367625,66
1992,369657,66
1993,372716,66
1994,374854,66
1995,377296,66
1996,381189,66
1997,385113,66
1998,389051,66
1999,392383,66
2000,397082,66
2001,402045,66
2002,407931,66
2003,413956,66
2004,419820,66
2005,426008,66
2006,432112,66
2007,437157,66
2008,441387,66
2009,445890,66
2010,448543,66
2011,452530,66
2012,457793,66
2013,462705,66
2014,466327,66
2015,471038,66
2016,474369,66
2017,474452,66
2018,476357,66
2019,479979,66
2020,482765,66
2021,487307,66
2022,492964,66
2023,496280,66
2024,500103,66
2025,503866,66
2026,507256,66
1991,960320,67
1992,968879,67
1993,978610,67
1994,987370,67
1995,994932,67
1996,1002555,67
1997,1009849,67
1998,1016591,67
1999,1025033,67
2000,1032498,67
2001,1040521,67
2002,1048305,67
2003,1055890,67
2004,1063274,67
2005,1071160,67
2006,1079016,67
2007,1084840,67
2008,1091015,67
2009,1094439,67
2010,1095905,67
2011,1099269,67
2012,1104667,67
2013,1109460,67
2014,1112815,67
2015,1116658,67
2016,1121407,67
2017,1125559,67
2018,1133552,67
2019,1140057,67
2020,1148073,67
2021,1152662,67
2022,1156963,67
2023,1160728,67
2024,1164797,67
2025,1168669,67
2026,1176438,67
1991,675110,68
1992,679085,68
1993,684357,68
1994,688363,68
1995,692543,68
1996,696784,68
1997,700930,68
1998,703394,68
1999,707555,68
2000,711457,68
2001,715557,68
2002,719749,68
2003,723685,68
2004,727871,68
2005,732242,68
2006,736477,68
2007,742408,68
2008,746072,68
2009,748614,68
2010,749782,68
2011,753056,68
2012,755202,68
2013,758723,68
2014,760134,68
2015,762607,68
2016,762743,68
2017,764030,68
2018,764981,68
2019,767086,68
2020,767842,68
2021,767083,68
2022,767800,68
2023,767160,68
2024,766549,68
2025,765827,68
2026,767071,68
1991,1517429,69
1992,1530190,69
1993,1540976,69
1994,1546144,69
1995,1551482,69
1996,1556437,69
1997,1561309,69
1998,1566215,69
1999,1577095,69
2000,1588910,69
2001,1601972,69
2002,1615116,69
2003,1628151,69
2004,1640876,69
2005,1655211,69
2006,1669655,69
2007,1677073,69
2008,1690498,69
2009,1708671,69
2010,1725177,69
2011,1744236,69
2012,1762866,69
2013,1779845,69
2014,1801885,69
2015,1821995,69
2016,1835903,69
2017,1843319,69
2018,1859524,69
2019,1875747,69
2020,1883437,69
2021,1893692,69
2022,1907982,69
2023,1916464,69
2024,1924716,69
2025,1932598,69
2026,1945287,69
1991,228928,70
1992,228657,70
1993,228577,70
1994,228548,70
1995,229376,70
1996,229104,70
1997,229186,70
1998,229150,70
1999,229728,70
2000,230380,70
2001,231413,70
2002,232305,70
2003,233209,70
2004,233991,70
2005,234934,70
2006,235867,70
2007,237197,70
2008,238548,70
2009,239194,70
2010,239548,70
2011,239695,70
2012,239750,70
2013,238956,70
2014,238347,70
2015,237706,70
2016,237242,70
2017,236659,70
2018,236018,70
2019,235313,70
2020,234601,70
2021,234296,70
2022,233920,70
2023,233293,70
2024,232626,70
2025,231932,70
2026,231547,70
1991,558411,71
1992,557729,71
1993,556591,71
1994,555171,71
1995,553381,71
1996,551555,71
1997,549365,71
1998,547472,71
1999,545443,71
2000,545723,71
2001,546312,71
2002,547138,71
2003,547532,71
2004,547660,71
2005,548667,71
2006,549361,71
2007,551842,71
2008,553968,71
2009,554720,71
2010,555663,71
2011,555999,71
2012,555039,71
2013,556222,71
2014,555788,71
2015,555408,71
2016,555023,71
2017,553595,71
2018,552185,71
2019,551493,71
2020,551063,71
2021,549288,71
2022,549136,71
2023,547788,71
2024,546754,71
2025,545310,71
2026,544686,71
1991,514610,72
1992,516652,72
1993,518667,72
1994,520465,72
1995,522462,72
1996,523975,72
1997,526451,72
1998,527687,72
1999,529782,72
2000,532765,72
2001,536156,72
2002,539720,72
2003,543037,72
2004,546270,72
2005,550067,72
2006,553484,72
2007,556946,72
2008,559587,72
2009,561050,72
2010,563518,72
2011,565718,72
2012,567382,72
2013,569035,72
2014,568760,72
2015,568445,72
2016,567561,72
2017,566506,72
2018,565963,72
2019,566412,72
2020,566993,72
2021,566058,72
2022,566129,72
2023,565349,72
2024,564913,72
2025,564160,72
2026,564505,72
1991,351656,73
1992,355281,73
1993,358484,73
1994,360303,73
1995,362340,73
1996,363987,73
1997,366909,73
1998,369897,73
1999,372752,73
2000,376516,73
2001,380731,73
2002,385099,73
2003,389544,73
2004,393868,73
2005,398546,73
2006,403090,73
2007,405535,73
2008,408842,73
2009,411007,73
2010,414959,73
2011,418949,73
2012,421105,73
2013,423715,73
2014,426924,73
2015,428204,73
2016,429681,73
2017,431174,73
2018,433724,73
2019,436434,73
2020,439750,73
2021,442468,73
2022,445288,73
2023,447997,73
2024,450451,73
2025,453159,73
2026,456210,73
1991,577834,74
1992,586783,74
1993,595629,74
1994,600584,74
1995,607187,74
1996,613467,74
1997,619963,74
1998,625854,74
1999,630654,74
2000,639184,74
2001,648493,74
2002,657725,74
2003,667160,74
2004,676755,74
2005,686622,74
2006,696255,74
2007,706708,74
2008,716277,74
2009,725794,74
2010,738088,74
2011,746994,74
2012,756501,74
2013,769677,74
2014,783127,74
2015,793938,74
2016,801416,74
2017,807360,74
2018,816699,74
2019,826094,74
2020,835206,74
2021,841482,74
2022,849583,74
2023,856707,74
2024,863640,74
2025,870588,74
2026,878802,74
1991,2145912,75
1992,2139928,75
1993,2132475,75
1994,2129856,75
1995,2120545,75
1996,2116512,75
1997,2110869,75
1998,2111315,75
1999,2123686,75
2000,2129731,75
2001,2137442,75
2002,2145472,75
2003,2154521,75
2004,2161932,75
2005,2172186,75
2006,2181371,75
2007,2193030,75
2008,2211297,75
2009,2234105,75
2010,2243833,75
2011,2249975,75
2012,2240621,75
2013,2229621,75
2014,2220445,75
2015,2206488,75
2016,2190327,75
2017,2187526,75
2018,2175601,75
2019,2165423,75
2020,2145906,75
2021,2133111,75
2022,2113705,75
2023,2092813,75
2024,2070806,75
2025,2048472,75
2026,2040373,75
1991,1227019,76
1992,1230968,76
1993,1234321,76
1994,1236774,76
1995,1239357,76
1996,1239937,76
1997,1239146,76
1998,1239784,76
1999,1239584,76
2000,1239940,76
2001,1240904,76
2002,1241888,76
2003,1242102,76
2004,1242398,76
2005,1243361,76
2006,1243834,76
2007,1244611,76
2008,1248580,76
2009,1250120,76
2010,1250411,76
2011,1251282,76
2012,1253931,76
2013,1254609,76
2014,1257920,76
2015,1257699,76
2016,1255755,76
2017,1254378,76
2018,1255883,76
2019,1255633,76
2020,1254739,76
2021,1255918,76
2022,1260205,76
2023,1260258,76
2024,1260312,76
2025,1260246,76
2026,1261699,76
1991,1095235,77
1992,1115222,77
1993,1131179,77
1994,1146990,77
1995,1159421,77
1996,1169827,77
1997,1176289,77
1998,1182543,77
1999,1191775,77
2000,1202569,77
2001,1214294,77
2002,1225780,77
2003,1237515,77
2004,1248865,77
2005,1261010,77
2006,1273488,77
2007,1289524,77
2008,1303702,77
2009,1313414,77
2010,1324865,77
2011,1338427,77
2012,1353946,77
2013,1365200,77
2014,1377846,77
2015,1390121,77
2016,1397665,77
2017,1403997,77
2018,1412516,77
2019,1421197,77
2020,1428636,77
2021,1438100,77
2022,1452399,77
2023,1461552,77
2024,1470763,77
2025,1479615,77
2026,1488714,77
1991,1314925,78
1992,1326185,78
1993,1333814,78
1994,1340268,78
1995,1345471,78
1996,1350539,78
1997,1353180,78
1998,1353723,78
1999,1353945,78
2000,1358816,78
2001,1365015,78
2002,1371107,78
2003,1377260,78
2004,1383145,78
2005,1389456,78
2006,1395804,78
2007,1403957,78
2008,1406053,78
2009,1407560,78
2010,1408765,78
2011,1413635,78
2012,1412356,78
2013,1418484,78
2014,1421670,78
2015,1427291,78
2016,1431808,78
2017,1438266,78
2018,1441398,78
2019,1448207,78
2020,1449723,78
2021,1456365,78
2022,1470778,78
2023,1477228,78
2024,1483576,78
2025,1489363,78
2026,1496450,78
1991,345801,79
1992,345831,79
1993,345534,79
1994,345181,79
1995,345256,79
1996,345255,79
1997,344760,79
1998,344574,79
1999,344486,79
2000,346432,79
2001,348599,79
2002,350799,79
2003,352970,79
2004,354914,79
2005,357319,79
2006,359711,79
2007,362944,79
2008,365059,79
2009,366339,79
2010,369270,79
2011,370939,79
2012,371583,79
2013,371632,79
2014,373553,79
2015,374435,79
2016,374743,79
2017,374351,79
2018,374799,79
2019,374878,79
2020,374481,79
2021,374587,79
2022,375415,79
2023,375016,79
2024,374890,79
2025,374315,79
2026,374730,79
1991,548127,80
1992,548885,80
1993,550247,80
1994,551159,80
1995,552153,80
1996,553038,80
1997,553670,80
1998,554595,80
1999,555547,80
2000,556830,80
2001,558420,80
2002,559920,80
2003,560966,80
2004,561938,80
2005,563218,80
2006,564319,80
2007,565910,80
2008,568086,80
2009,569775,80
2010,570741,80
2011,571211,80
2012,571154,80
2013,571675,80
2014,571632,80
2015,571879,80
2016,572744,80
2017,572443,80
2018,570662,80
2019,570559,80
2020,568748,80
2021,566252,80
2022,565540,80
2023,563543,80
2024,561656,80
2025,559722,80
2026,558357,80
1991,342545,81
1992,342264,81
1993,342402,81
1994,342309,81
1995,341873,81
1996,341940,81
1997,342116,81
1998,342629,81
1999,343444,81
2000,345859,81
2001,348900,81
2002,352122,81
2003,355243,81
2004,358395,81
2005,361932,81
2006,365335,81
2007,369189,81
2008,371738,81
2009,374018,81
2010,375379,81
2011,377675,81
2012,378947,81
2013,381927,81
2014,384474,81
2015,386543,81
2016,386448,81
2017,387890,81
2018,388596,81
2019,389844,81
2020,391066,81
2021,393572,81
2022,396168,81
2023,397775,81
2024,399634,81
2025,401283,81
2026,402887,81
1991,201613,82
1992,202930,82
1993,203245,82
1994,203854,82
1995,204268,82
1996,204642,82
1997,205208,82
1998,205519,82
1999,206029,82
2000,208421,82
2001,211134,82
2002,214215,82
2003,217292,82
2004,220316,82
2005,223732,82
2006,226849,82
2007,231763,82
2008,235915,82
2009,239291,82
2010,241698,82
2011,244545,82
2012,246971,82
2013,250342,82
2014,252578,82
2015,255274,82
2016,256897,82
2017,258349,82
2018,259124,82
2019,260669,82
2020,262316,82
2021,263377,82
2022,264924,82
2023,265956,82
2024,267035,82
2025,267793,82
2026,269376,82
1991,825813,83
1992,837166,83
1993,846896,83
1994,856303,83
1995,864290,83
1996,871505,83
1997,882587,83
1998,891598,83
1999,897585,83
2000,908895,83
2001,921032,83
2002,933602,83
2003,946272,83
2004,958745,83
2005,972379,83
2006,985099,83
2007,995934,83
2008,1001408,83
2009,1007303,83
2010,1008183,83
2011,1012735,83
2012,1021669,83
2013,1028583,83
2014,1038212,83
2015,1048652,83
2016,1055821,83
2017,1058740,83
2018,1067697,83
2019,1076711,83
2020,1085189,83
2021,1095337,83
2022,1108364,83
2023,1117572,83
2024,1126788,83
2025,1135917,83
2026,1145664,83
1991,472251,84
1992,475239,84
1993,478843,84
1994,482383,84
1995,486196,84
1996,489330,84
1997,492980,84
1998,496948,84
1999,499321,84
2000,503783,84
2001,508497,84
2002,513276,84
2003,518320,84
2004,523398,84
2005,529035,84
2006,534291,84
2007,538141,84
2008,538902,84
2009,540065,84
2010,543105,84
2011,546630,84
2012,546314,84
2013,549949,84
2014,554374,84
2015,557548,84
2016,559014,84
2017,559479,84
2018,559793,84
2019,561469,84
2020,561941,84
2021,564566,84
2022,568702,84
2023,570432,84
2024,572065,84
2025,573683,84
2026,575408,84
1991,512749,85
1992,515620,85
1993,518974,85
1994,522513,85
1995,525250,85
1996,528344,85
1997,531497,85
1998,535322,85
1999,539089,85
2000,546334,85
2001,554088,85
2002,562222,85
2003,570651,85
2004,578974,85
2005,588101,85
2006,597185,85
2007,607430,85
2008,616906,85
2009,626411,85
2010,634778,85
2011,641657,85
2012,648901,85
2013,655506,85
2014,662122,85
2015,666714,85
2016,670597,85
2017,675247,85
2018,679991,85
2019,685442,85
2020,692705,85
2021,699459,85
2022,706343,85
2023,711902,85
2024,717667,85
2025,723037,85
2026,730199,85
1991,381861,86
1992,384083,86
1993,386099,86
1994,388170,86
1995,391878,86
1996,393845,86
1997,395846,86
1998,397941,86
1999,399002,86
2000,401443,86
2001,403958,86
2002,406832,86
2003,409731,86
2004,412316,86
2005,415437,86
2006,418460,86
2007,421891,86
2008,424354,86
2009,426066,86
2010,427193,86
2011,428447,86
2012,430018,86
2013,431248,86
2014,433203,86
2015,434887,86
2016,436069,86
2017,436876,86
2018,437586,86
2019,438435,86
2020,439332,86
2021,439385,86
2022,438688,86
2023,438142,86
2024,437691,86
2025,437151,86
2026,437756,86
1991,353818,87
1992,354331,87
1993,354418,87
1994,354744,87
1995,354518,87
1996,354415,87
1997,354424,87
1998,353941,87
1999,354055,87
2000,355315,87
2001,357134,87
2002,358988,87
2003,360749,87
2004,362522,87
2005,364879,87
2006,367156,87
2007,371102,87
2008,373940,87
2009,374849,87
2010,376191,87
2011,376058,87
2012,375869,87
2013,375856,87
2014,376199,87
2015,375795,87
2016,374978,87
2017,374426,87
2018,373199,87
2019,372359,87
2020,372123,87
2021,371691,87
2022,372438,87
2023,372083,87
2024,371847,87
2025,371297,87
2026,371055,87
1991,385065,88
1992,384768,88
1993,384459,88
1994,384282,88
1995,383907,88
1996,383701,88
1997,382949,88
1998,381791,88
1999,381154,88
2000,381027,88
2001,380956,88
2002,380879,88
2003,380639,88
2004,380392,88
2005,380266,88
2006,379975,88
2007,380304,88
2008,380145,88
2009,380192,88
2010,379724,88
2011,378830,88
2012,377282,88
2013,375226,88
2014,373560,88
2015,372016,88
2016,369641,88
2017,367673,88
2018,366112,88
2019,364499,88
2020,362397,88
2021,360673,88
2022,358700,88
2023,356433,88
2024,354450,88
2025,352304,88
2026,350678,88
1991,324623,89
1992,326242,89
1993,327739,89
1994,328907,89
1995,329784,89
1996,330730,89
1997,331697,89
1998,332773,89
1999,333206,89
2000,334026,89
2001,335056,89
2002,335963,89
2003,337029,89
2004,337724,89
2005,338983,89
2006,340088,89
2007,341418,89
2008,342359,89
2009,343377,89
2010,342510,89
2011,342463,89
2012,341902,89
2013,341483,89
2014,341814,89
2015,340903,89
2016,340544,89
2017,338291,89
2018,337504,89
2019,335707,89
2020,334156,89
2021,333385,89
2022,333896,89
2023,332690,89
2024,331845,89
2025,331131,89
2026,329841,89
1991,134439,90
1992,134892,90
1993,135510,90
1994,136140,90
1995,136592,90
1996,136975,90
1997,137155,90
1998,137234,90
1999,137397,90
2000,137898,90
2001,138513,90
2002,139034,90
2003,139550,90
2004,140157,90
2005,140672,90
2006,141201,90
2007,142444,90
2008,141958,90
2009,142461,90
2010,142911,90
2011,143348,90
2012,143940,90
2013,144318,90
2014,144334,90
2015,144483,90
2016,144089,90
2017,142622,90
2018,141852,90
2019,141318,90
2020,140120,90
2021,139654,90
2022,140082,90
2023,139526,90
2024,138987,90
2025,138419,90
2026,137736,90
1991,1093658,91
1992,1105974,91
1993,1115400,91
1994,1122103,91
1995,1127647,91
1996,1131399,91
1997,1131514,91
1998,1133653,91
1999,1133836,91
2000,1142331,91
2001,1151521,91
2002,1160665,91
2003,1169540,91
2004,1178214,91
2005,1188351,91
2006,1198273,91
2007,1201994,91
2008,1205850,91
2009,1208004,91
2010,1215340,91
2011,1225191,91
2012,1237507,91
2013,1253931,91
2014,1268228,91
2015,1276233,91
2016,1287330,91
2017,1296130,91
2018,1296641,91
2019,1301659,91
2020,1306118,91
2021,1313768,91
2022,1324546,91
2023,1331182,91
2024,1337492,91
2025,1343527,91
2026,1349135,91
1991,1392369,92
1992,1394910,92
1993,1395461,92
1994,1399157,92
1995,1403081,92
1996,1406949,92
1997,1412292,92
1998,1419110,92
1999,1427888,92
2000,1442087,92
2001,1457738,92
2002,1473080,92
2003,1488605,92
2004,1503568,92
2005,1520106,92
2006,1536100,92
2007,1544411,92
2008,1549619,92
2009,1561745,92
2010,1572490,92
2011,1581628,92
2012,1586434,92
2013,1591403,92
2014,1597770,92
2015,1601569,92
2016,1603268,92
2017,1609306,92
2018,1619120,92
2019,1624357,92
2020,1626213,92
2021,1635291,92
2022,1647435,92
2023,1653212,92
2024,1658614,92
2025,1663974,92
2026,1672489,92
1991,1380953,93
1992,1384908,93
1993,1387427,93
1994,1389787,93
1995,1389976,93
1996,1389668,93
1997,1388804,93
1998,1386023,93
1999,1383319,93
2000,1396942,93
2001,1411789,93
2002,1427204,93
2003,1442929,93
2004,1458081,93
2005,1474920,93
2006,1491970,93
2007,1502340,93
2008,1506466,93
2009,1515983,93
2010,1522048,93
2011,1529928,93
2012,1538726,93
2013,1552482,93
2014,1571028,93
2015,1592663,93
2016,1606660,93
2017,1623111,93
2018,1632677,93
2019,1644903,93
2020,1655422,93
2021,1668670,93
2022,1681725,93
2023,1692115,93
2024,1702158,93
2025,1711876,93
2026,1724419,93
1991,1215154,94
1992,1218450,94
1993,1221158,94
1994,1222214,94
1995,1221918,94
1996,1221145,94
1997,1222429,94
1998,1225473,94
1999,1227030,94
2000,1236443,94
2001,1246724,94
2002,1256515,94
2003,1266690,94
2004,1276157,94
2005,1287350,94
2006,1298340,94
2007,1302889,94
2008,1310876,94
2009,1318537,94
2010,1327732,94
2011,1333702,94
2012,1341831,94
2013,1354005,94
2014,1365039,94
2015,1372389,94
2016,1378151,94
2017,1387926,94
2018,1396913,94
2019,1407124,94
2020,1407972,94
2021,1415367,94
2022,1419531,94
2023,1422186,94
2024,1424361,94
2025,1426433,94
2026,1434148,94
1991,1057350,95
1992,1067699,95
1993,1076500,95
1994,1082848,95
1995,1090916,95
1996,1097809,95
1997,1100050,95
1998,1100782,95
1999,1104533,95
2000,1111072,95
2001,1118301,95
2002,1125740,95
2003,1133014,95
2004,1140328,95
2005,1148764,95
2006,1157052,95
2007,1160721,95
2008,1165397,95
2009,1168892,95
2010,1171161,95
2011,1180365,95
2012,1187081,95
2013,1194681,95
2014,1205539,95
2015,1215390,95
2016,1221923,95
2017,1228618,95
2018,1238581,95
2019,1249674,95
2020,1251804,95
2021,1256607,95
2022,1270845,95
2023,1277071,95
2024,1282581,95
2025,1287589,95
2026,1296476,95
1991,118863,201
1992,119076,201
1993,119594,201
1994,119677,201
1995,119753,201
1996,119165,201
1997,118712,201
1998,118463,201
1999,118466,201
2000,120753,201
2001,123185,201
2002,125662,201
2003,128098,201
2004,130613,201
2005,133128,201
2006,135718,201
2007,139362,201
2008,140953,201
2009,141330,201
2010,143600,201
2011,145846,201
2012,145429,201
2013,149234,201
2014,151652,201
2015,152730,201
2016,154303,201
2017,157249,201
2018,157853,201
2019,158507,201
2020,160814,201
2021,162942,201
2022,166045,201
2023,168277,201
2024,170513,201
2025,172719,201
2026,174237,201
1991,132796,202
1992,132622,202
1993,134001,202
1994,137300,202
1995,138663,202
1996,140003,202
1997,140385,202
1998,141003,202
1999,141686,202
2000,143786,202
2001,146088,202
2002,148431,202
2003,150929,202
2004,153359,202
2005,155964,202
2006,158400,202
2007,159847,202
2008,162013,202
2009,164344,202
2010,166093,202
2011,168640,202
2012,170828,202
2013,170974,202
2014,172560,202
2015,174553,202
2016,176152,202
2017,177689,202
2018,180701,202
2019,181933,202
2020,182887,202
2021,184655,202
2022,185231,202
2023,185989,202
2024,186724,202
2025,187443,202
2026,189248,202
1991,354536,971
1992,357482,971
1993,360681,971
1994,364140,971
1995,367867,971
1996,371873,971
1997,376164,971
1998,380738,971
1999,385609,971
2000,388045,971
2001,390672,971
2002,393024,971
2003,394881,971
2004,396992,971
2005,399178,971
2006,400736,971
2007,400584,971
2008,401784,971
2009,401554,971
2010,403355,971
2011,404635,971
2012,403314,971
2013,402119,971
2014,400186,971
2015,397990,971
2016,394110,971
2017,390253,971
2018,387629,971
2019,384239,971
2020,383559,971
2021,384315,971
2022,383569,971
2023,382733,971
2024,381909,971
2025,380387,971
2026,379700,971
1991,359774,972
1992,361420,972
1993,363344,972
1994,365554,972
1995,368045,972
1996,370818,972
1997,373873,972
1998,377221,972
1999,380863,972
2000,383575,972
2001,386542,972
2002,389302,972
2003,391676,972
2004,393852,972
2005,395982,972
2006,397732,972
2007,397730,972
2008,397693,972
2009,396404,972
2010,394173,972
2011,392291,972
2012,388364,972
2013,385551,972
2014,383911,972
2015,380877,972
2016,376480,972
2017,372594,972
2018,368783,972
2019,364508,972
2020,361225,972
2021,360749,972
2022,361019,972
2023,359202,972
2024,357590,972
2025,355459,972
2026,353260,972
1991,117327,973
1992,121469,973
1993,125786,973
1994,130282,973
1995,134968,973
1996,139848,973
1997,144937,973
1998,150242,973
1999,155760,973
2000,162018,973
2001,168614,973
2002,176638,973
2003,184792,973
2004,193167,973
2005,199206,973
2006,205954,973
2007,213031,973
2008,219266,973
2009,224469,973
2010,229040,973
2011,237549,973
2012,239648,973
2013,244118,973
2014,252338,973
2015,259865,973
2016,269352,973
2017,268700,973
2018,276128,973
2019,281678,973
2020,285133,973
2021,286618,973
2022,288382,973
2023,290110,973
2024,291774,973
2025,292354,973
2026,296764,973
1991,607837,974
1992,620333,974
1993,633030,974
1994,645093,974
1995,657162,974
1996,668915,974
1997,680185,974
1998,692184,974
1999,703820,974
2000,716314,974
2001,729010,974
2002,740207,974
2003,750840,974
2004,761630,974
2005,772907,974
2006,781962,974
2007,794107,974
2008,808250,974
2009,816364,974
2010,821136,974
2011,828581,974
2012,833944,974
2013,835103,974
2014,842767,974
2015,850727,974
2016,852924,974
2017,853659,974
2018,855961,974
2019,861210,974
2020,863083,974
2021,871157,974
2022,881348,974
2023,886453,974
2024,892102,974
2025,896175,974
2026,902407,974
